-- ============================================================
-- Seed: Demo Organization
-- ============================================================

INSERT INTO organizations (id, name, slug, industry, country, employee_count, departments)
VALUES (
  'a0000000-0000-0000-0000-000000000001',
  'Demo Corp',
  'demo-corp',
  'Tecnología',
  'PA',
  85,
  ARRAY['Ingeniería', 'Marketing', 'Operaciones', 'Recursos Humanos', 'Finanzas']
);

-- ============================================================
-- Seed: ClimaLab Core v2.0 (full instrument)
-- Evidence-based: 8 dimensions × 4-5 ítems = 35 + 2 attention checks
-- ============================================================

INSERT INTO instruments (id, name, slug, description, mode, target_size, version)
VALUES (
  'b0000000-0000-0000-0000-000000000001',
  'ClimaLab Core',
  'climalab-core',
  'Instrumento completo de medición de clima organizacional. 8 dimensiones, 35 ítems + 2 verificaciones de atención. Diseño basado en evidencia psicométrica.',
  'full',
  'all',
  '2.0'
);

-- ============================================================
-- 8 Dimensions for ClimaLab Core v2.0
-- ============================================================
INSERT INTO dimensions (id, instrument_id, name, code, description, sort_order) VALUES
  ('c1000001-0000-0000-0000-000000000001', 'b0000000-0000-0000-0000-000000000001',
   'Liderazgo y Supervisión', 'LID',
   'Calidad de la relación supervisor-subordinado: retroalimentación, accesibilidad, integridad y apoyo al desarrollo. Base teórica: LMX-7 (Graen & Uhl-Bien, 1995), Servant Leadership (Liden, 2008).', 1),

  ('c1000001-0000-0000-0000-000000000002', 'b0000000-0000-0000-0000-000000000001',
   'Justicia Organizacional', 'JUS',
   'Equidad percibida en compensación, procesos de decisión, trato interpersonal y oportunidades. Base teórica: Organizational Justice Scale (Colquitt, 2001).', 2),

  ('c1000001-0000-0000-0000-000000000003', 'b0000000-0000-0000-0000-000000000001',
   'Sentido de Pertenencia', 'PER',
   'Orgullo organizacional, identificación con valores, recomendación y conexión social. Base teórica: Organizational Identification (Mael & Ashforth, 1992), Psychological Ownership (Pierce, 2001).', 3),

  ('c1000001-0000-0000-0000-000000000004', 'b0000000-0000-0000-0000-000000000001',
   'Innovación y Cambio', 'INN',
   'Seguridad para proponer ideas, tolerancia al error, adopción tecnológica y gestión del cambio. Base teórica: Psychological Safety (Edmondson, 1999), Change Readiness (Armenakis, 1993).', 4),

  ('c1000001-0000-0000-0000-000000000005', 'b0000000-0000-0000-0000-000000000001',
   'Bienestar y Equilibrio', 'BIE',
   'Carga manejable, recursos suficientes, equilibrio vida-trabajo y seguridad psicológica. Base teórica: JD-R Model (Bakker & Demerouti, 2007), COPSOQ.', 5),

  ('c1000001-0000-0000-0000-000000000006', 'b0000000-0000-0000-0000-000000000001',
   'Claridad y Desarrollo', 'CLA',
   'Expectativas claras, objetivos medibles, oportunidades de desarrollo y contribución visible. Base teórica: Role Clarity (Rizzo, 1970), Career Growth Opportunity (Kraimer, 2011).', 6),

  ('c1000001-0000-0000-0000-000000000007', 'b0000000-0000-0000-0000-000000000001',
   'Comunicación y Participación', 'COM',
   'Información oportuna, canales bidireccionales, participación en decisiones y transparencia. Base teórica: Organizational Communication (Roberts & O''Reilly, 1974), Voice Behavior (LePine & Van Dyne, 1998).', 7),

  ('c1000001-0000-0000-0000-000000000008', 'b0000000-0000-0000-0000-000000000001',
   'Engagement y Compromiso', 'ENG',
   'Vigor, dedicación, absorción e intención de permanencia. Variable dependiente para calcular engagement drivers. Base teórica: UWES-9 (Schaufeli, 2006), Organizational Commitment (Allen & Meyer, 1990).', 8);

-- ============================================================
-- Items: LID — Liderazgo y Supervisión (5 ítems, 1 reverso)
-- ============================================================
INSERT INTO items (id, dimension_id, text, is_reverse, is_anchor, sort_order) VALUES
  ('c1000002-0000-0000-0000-000000000001', 'c1000001-0000-0000-0000-000000000001',
   'Mi supervisor me brinda retroalimentación específica que me ayuda a mejorar.', false, true, 1),
  ('c1000002-0000-0000-0000-000000000002', 'c1000001-0000-0000-0000-000000000001',
   'Puedo acudir a mi supervisor cuando necesito apoyo o tengo una dificultad.', false, false, 2),
  ('c1000002-0000-0000-0000-000000000003', 'c1000001-0000-0000-0000-000000000001',
   'Mi supervisor demuestra con sus acciones lo que espera del equipo.', false, false, 3),
  ('c1000002-0000-0000-0000-000000000004', 'c1000001-0000-0000-0000-000000000001',
   'Mi supervisor se interesa genuinamente en mi crecimiento profesional.', false, false, 4),
  ('c1000002-0000-0000-0000-000000000005', 'c1000001-0000-0000-0000-000000000001',
   'Mi supervisor toma decisiones sin considerar el impacto en el equipo.', true, false, 5);

-- ============================================================
-- Items: JUS — Justicia Organizacional (5 ítems, 1 reverso)
-- ============================================================
INSERT INTO items (id, dimension_id, text, is_reverse, is_anchor, sort_order) VALUES
  ('c1000002-0000-0000-0000-000000000006', 'c1000001-0000-0000-0000-000000000002',
   'Los criterios para evaluar mi desempeño son claros y se aplican de manera consistente.', false, true, 1),
  ('c1000002-0000-0000-0000-000000000007', 'c1000001-0000-0000-0000-000000000002',
   'Las oportunidades de crecimiento están disponibles para todos por igual.', false, false, 2),
  ('c1000002-0000-0000-0000-000000000008', 'c1000001-0000-0000-0000-000000000002',
   'Mi compensación es justa en relación con mis responsabilidades y contribución.', false, false, 3),
  ('c1000002-0000-0000-0000-000000000009', 'c1000001-0000-0000-0000-000000000002',
   'Las decisiones que me afectan se toman considerando mi punto de vista.', false, false, 4),
  ('c1000002-0000-0000-0000-000000000010', 'c1000001-0000-0000-0000-000000000002',
   'Las reglas y políticas se aplican de manera diferente según la persona.', true, false, 5);

-- ============================================================
-- Items: PER — Sentido de Pertenencia (4 ítems, 1 reverso)
-- ============================================================
INSERT INTO items (id, dimension_id, text, is_reverse, is_anchor, sort_order) VALUES
  ('c1000002-0000-0000-0000-000000000011', 'c1000001-0000-0000-0000-000000000003',
   'Me siento orgulloso de decir que trabajo en esta organización.', false, true, 1),
  ('c1000002-0000-0000-0000-000000000012', 'c1000001-0000-0000-0000-000000000003',
   'Los valores de esta organización coinciden con lo que considero importante.', false, false, 2),
  ('c1000002-0000-0000-0000-000000000013', 'c1000001-0000-0000-0000-000000000003',
   'Siento una conexión genuina con mis compañeros de trabajo.', false, false, 3),
  ('c1000002-0000-0000-0000-000000000014', 'c1000001-0000-0000-0000-000000000003',
   'A veces siento que mi trabajo aquí no tiene un propósito real.', true, false, 4);

-- ============================================================
-- Attention Check 1 (~ítem 12, dentro de PER)
-- ============================================================
INSERT INTO items (id, dimension_id, text, is_attention_check, sort_order) VALUES
  ('c1000002-0000-0000-0000-000000000015', 'c1000001-0000-0000-0000-000000000003',
   'Para verificar tu atención, selecciona ''De acuerdo'' en esta pregunta.', true, 98);

-- ============================================================
-- Items: INN — Innovación y Cambio (5 ítems, 1 reverso)
-- ============================================================
INSERT INTO items (id, dimension_id, text, is_reverse, is_anchor, sort_order) VALUES
  ('c1000002-0000-0000-0000-000000000016', 'c1000001-0000-0000-0000-000000000004',
   'Me siento seguro al proponer ideas nuevas, aunque no resulten como se esperaba.', false, true, 1),
  ('c1000002-0000-0000-0000-000000000017', 'c1000001-0000-0000-0000-000000000004',
   'Los errores se tratan como oportunidades de aprendizaje, no como motivo de castigo.', false, false, 2),
  ('c1000002-0000-0000-0000-000000000018', 'c1000001-0000-0000-0000-000000000004',
   'La organización se adapta con agilidad a las nuevas tecnologías y formas de trabajo.', false, false, 3),
  ('c1000002-0000-0000-0000-000000000019', 'c1000001-0000-0000-0000-000000000004',
   'Los cambios en la organización se comunican con suficiente anticipación y claridad.', false, false, 4),
  ('c1000002-0000-0000-0000-000000000020', 'c1000001-0000-0000-0000-000000000004',
   'Las ideas que propongo rara vez reciben atención o seguimiento.', true, false, 5);

-- ============================================================
-- Items: BIE — Bienestar y Equilibrio (4 ítems, 1 reverso)
-- ============================================================
INSERT INTO items (id, dimension_id, text, is_reverse, is_anchor, sort_order) VALUES
  ('c1000002-0000-0000-0000-000000000021', 'c1000001-0000-0000-0000-000000000005',
   'Mi carga de trabajo me permite cumplir con mis responsabilidades sin estrés excesivo.', false, true, 1),
  ('c1000002-0000-0000-0000-000000000022', 'c1000001-0000-0000-0000-000000000005',
   'Cuento con los recursos y herramientas necesarios para hacer bien mi trabajo.', false, false, 2),
  ('c1000002-0000-0000-0000-000000000023', 'c1000001-0000-0000-0000-000000000005',
   'Puedo mantener un equilibrio saludable entre mi trabajo y mi vida personal.', false, false, 3),
  ('c1000002-0000-0000-0000-000000000024', 'c1000001-0000-0000-0000-000000000005',
   'Frecuentemente me siento agotado emocionalmente por las demandas de mi trabajo.', true, false, 4);

-- ============================================================
-- Items: CLA — Claridad y Desarrollo (4 ítems, 1 reverso)
-- ============================================================
INSERT INTO items (id, dimension_id, text, is_reverse, is_anchor, sort_order) VALUES
  ('c1000002-0000-0000-0000-000000000025', 'c1000001-0000-0000-0000-000000000006',
   'Tengo claro qué se espera de mí y cómo se mide mi desempeño.', false, true, 1),
  ('c1000002-0000-0000-0000-000000000026', 'c1000001-0000-0000-0000-000000000006',
   'Mis objetivos laborales están bien definidos y son alcanzables.', false, false, 2),
  ('c1000002-0000-0000-0000-000000000027', 'c1000001-0000-0000-0000-000000000006',
   'La organización me ofrece oportunidades reales para desarrollar mis habilidades.', false, false, 3),
  ('c1000002-0000-0000-0000-000000000028', 'c1000001-0000-0000-0000-000000000006',
   'Con frecuencia recibo instrucciones que se contradicen entre sí.', true, false, 4);

-- ============================================================
-- Attention Check 2 (~ítem 25, dentro de CLA)
-- ============================================================
INSERT INTO items (id, dimension_id, text, is_attention_check, sort_order) VALUES
  ('c1000002-0000-0000-0000-000000000029', 'c1000001-0000-0000-0000-000000000006',
   'Esta es una pregunta de control. Selecciona ''En desacuerdo''.', true, 99);

-- ============================================================
-- Items: COM — Comunicación y Participación (4 ítems, 1 reverso)
-- ============================================================
INSERT INTO items (id, dimension_id, text, is_reverse, is_anchor, sort_order) VALUES
  ('c1000002-0000-0000-0000-000000000030', 'c1000001-0000-0000-0000-000000000007',
   'Recibo información oportuna sobre las decisiones y cambios que afectan mi trabajo.', false, true, 1),
  ('c1000002-0000-0000-0000-000000000031', 'c1000001-0000-0000-0000-000000000007',
   'Existen canales efectivos para comunicar mis ideas a la dirección.', false, false, 2),
  ('c1000002-0000-0000-0000-000000000032', 'c1000001-0000-0000-0000-000000000007',
   'Mi opinión se toma en cuenta cuando se toman decisiones que afectan a mi área.', false, false, 3),
  ('c1000002-0000-0000-0000-000000000033', 'c1000001-0000-0000-0000-000000000007',
   'Me entero de cambios importantes por rumores antes que por comunicación oficial.', true, false, 4);

-- ============================================================
-- Items: ENG — Engagement y Compromiso (4 ítems, 1 reverso)
-- Variable dependiente para calcular engagement drivers
-- ============================================================
INSERT INTO items (id, dimension_id, text, is_reverse, is_anchor, sort_order) VALUES
  ('c1000002-0000-0000-0000-000000000034', 'c1000001-0000-0000-0000-000000000008',
   'Me siento entusiasmado y con energía al realizar mi trabajo diario.', false, true, 1),
  ('c1000002-0000-0000-0000-000000000035', 'c1000001-0000-0000-0000-000000000008',
   'Estoy dedicado a hacer mi trabajo lo mejor posible.', false, false, 2),
  ('c1000002-0000-0000-0000-000000000036', 'c1000001-0000-0000-0000-000000000008',
   'Me visualizo trabajando en esta organización a largo plazo.', false, false, 3),
  ('c1000002-0000-0000-0000-000000000037', 'c1000001-0000-0000-0000-000000000008',
   'A menudo pienso en buscar oportunidades laborales fuera de esta organización.', true, false, 4);

-- ============================================================
-- Seed: ClimaLab Pulso v2.0 (pulse instrument — 1 anchor per dimension)
-- ============================================================

INSERT INTO instruments (id, name, slug, description, mode, target_size, version)
VALUES (
  'b0000000-0000-0000-0000-000000000002',
  'ClimaLab Pulso',
  'climalab-pulso',
  'Versión rápida con 1 ítem ancla por dimensión (8 ítems). Ideal para seguimiento frecuente entre mediciones completas.',
  'pulse',
  'all',
  '2.0'
);

-- 8 Dimensions for ClimaLab Pulso
INSERT INTO dimensions (id, instrument_id, name, code, description, sort_order) VALUES
  ('c1000003-0000-0000-0000-000000000001', 'b0000000-0000-0000-0000-000000000002',
   'Liderazgo y Supervisión', 'LID',
   'Calidad de la relación supervisor-subordinado.', 1),
  ('c1000003-0000-0000-0000-000000000002', 'b0000000-0000-0000-0000-000000000002',
   'Justicia Organizacional', 'JUS',
   'Equidad percibida en procesos y trato.', 2),
  ('c1000003-0000-0000-0000-000000000003', 'b0000000-0000-0000-0000-000000000002',
   'Sentido de Pertenencia', 'PER',
   'Orgullo e identificación organizacional.', 3),
  ('c1000003-0000-0000-0000-000000000004', 'b0000000-0000-0000-0000-000000000002',
   'Innovación y Cambio', 'INN',
   'Apertura a nuevas ideas y gestión del cambio.', 4),
  ('c1000003-0000-0000-0000-000000000005', 'b0000000-0000-0000-0000-000000000002',
   'Bienestar y Equilibrio', 'BIE',
   'Carga manejable y equilibrio vida-trabajo.', 5),
  ('c1000003-0000-0000-0000-000000000006', 'b0000000-0000-0000-0000-000000000002',
   'Claridad y Desarrollo', 'CLA',
   'Expectativas claras y oportunidades de crecimiento.', 6),
  ('c1000003-0000-0000-0000-000000000007', 'b0000000-0000-0000-0000-000000000002',
   'Comunicación y Participación', 'COM',
   'Información oportuna y participación en decisiones.', 7),
  ('c1000003-0000-0000-0000-000000000008', 'b0000000-0000-0000-0000-000000000002',
   'Engagement y Compromiso', 'ENG',
   'Vigor, dedicación y compromiso organizacional.', 8);

-- Anchor items for ClimaLab Pulso (1 per dimension, same text as Core anchors)
INSERT INTO items (id, dimension_id, text, is_anchor, sort_order) VALUES
  ('c1000004-0000-0000-0000-000000000001', 'c1000003-0000-0000-0000-000000000001',
   'Mi supervisor me brinda retroalimentación específica que me ayuda a mejorar.', true, 1),
  ('c1000004-0000-0000-0000-000000000002', 'c1000003-0000-0000-0000-000000000002',
   'Los criterios para evaluar mi desempeño son claros y se aplican de manera consistente.', true, 1),
  ('c1000004-0000-0000-0000-000000000003', 'c1000003-0000-0000-0000-000000000003',
   'Me siento orgulloso de decir que trabajo en esta organización.', true, 1),
  ('c1000004-0000-0000-0000-000000000004', 'c1000003-0000-0000-0000-000000000004',
   'Me siento seguro al proponer ideas nuevas, aunque no resulten como se esperaba.', true, 1),
  ('c1000004-0000-0000-0000-000000000005', 'c1000003-0000-0000-0000-000000000005',
   'Mi carga de trabajo me permite cumplir con mis responsabilidades sin estrés excesivo.', true, 1),
  ('c1000004-0000-0000-0000-000000000006', 'c1000003-0000-0000-0000-000000000006',
   'Tengo claro qué se espera de mí y cómo se mide mi desempeño.', true, 1),
  ('c1000004-0000-0000-0000-000000000007', 'c1000003-0000-0000-0000-000000000007',
   'Recibo información oportuna sobre las decisiones y cambios que afectan mi trabajo.', true, 1),
  ('c1000004-0000-0000-0000-000000000008', 'c1000003-0000-0000-0000-000000000008',
   'Me siento entusiasmado y con energía al realizar mi trabajo diario.', true, 1);

-- ============================================================
-- Seed: Demo Campaign with simulated responses
-- ============================================================

-- Create a demo campaign (closed, ready for calculateResults)
INSERT INTO campaigns (id, organization_id, instrument_id, name, status, starts_at, ends_at, population_n, sample_n, response_rate, margin_of_error, confidence_level)
VALUES (
  'e0000000-0000-0000-0000-000000000001',
  'a0000000-0000-0000-0000-000000000001',
  'b0000000-0000-0000-0000-000000000001',
  'Clima Q1 2026 - Demo',
  'closed',
  '2026-01-15T00:00:00Z',
  '2026-01-31T23:59:59Z',
  85, 32, 37.65, 14.23, 95.0
);

-- ============================================================
-- 32 Respondents with demographic data
-- ============================================================
INSERT INTO respondents (id, campaign_id, token, department, tenure, gender, status, enps_score, started_at, completed_at) VALUES
  ('f0000000-0000-0000-0000-000000000001', 'e0000000-0000-0000-0000-000000000001', 'demo0001', 'Ingeniería', '1-3', 'male', 'completed', 9, '2026-01-16T09:07:00Z', '2026-01-16T09:20:00Z'),
  ('f0000000-0000-0000-0000-000000000002', 'e0000000-0000-0000-0000-000000000001', 'demo0002', 'Ingeniería', '3-5', 'female', 'completed', 8, '2026-01-17T10:14:00Z', '2026-01-17T10:28:00Z'),
  ('f0000000-0000-0000-0000-000000000003', 'e0000000-0000-0000-0000-000000000001', 'demo0003', 'Ingeniería', '<1', 'male', 'completed', 7, '2026-01-18T11:21:00Z', '2026-01-18T11:36:00Z'),
  ('f0000000-0000-0000-0000-000000000004', 'e0000000-0000-0000-0000-000000000001', 'demo0004', 'Ingeniería', '5-10', 'male', 'completed', 10, '2026-01-19T12:28:00Z', '2026-01-19T12:44:00Z'),
  ('f0000000-0000-0000-0000-000000000005', 'e0000000-0000-0000-0000-000000000001', 'demo0005', 'Ingeniería', '1-3', 'female', 'completed', 5, '2026-01-20T13:35:00Z', '2026-01-20T13:52:00Z'),
  ('f0000000-0000-0000-0000-000000000006', 'e0000000-0000-0000-0000-000000000001', 'demo0006', 'Ingeniería', '3-5', 'male', 'completed', 8, '2026-01-21T14:42:00Z', '2026-01-21T15:00:00Z'),
  ('f0000000-0000-0000-0000-000000000007', 'e0000000-0000-0000-0000-000000000001', 'demo0007', 'Ingeniería', '<1', 'non_binary', 'completed', 7, '2026-01-22T15:49:00Z', '2026-01-22T16:08:00Z'),
  ('f0000000-0000-0000-0000-000000000008', 'e0000000-0000-0000-0000-000000000001', 'demo0008', 'Ingeniería', '1-3', 'male', 'completed', 7, '2026-01-23T16:56:00Z', '2026-01-23T17:16:00Z'),
  ('f0000000-0000-0000-0000-000000000009', 'e0000000-0000-0000-0000-000000000001', 'demo0009', 'Ingeniería', '5-10', 'female', 'completed', 9, '2026-01-24T17:03:00Z', '2026-01-24T17:24:00Z'),
  ('f0000000-0000-0000-0000-000000000010', 'e0000000-0000-0000-0000-000000000001', 'demo0010', 'Ingeniería', '3-5', 'male', 'completed', 4, '2026-01-25T08:10:00Z', '2026-01-25T08:32:00Z'),
  ('f0000000-0000-0000-0000-000000000011', 'e0000000-0000-0000-0000-000000000001', 'demo0011', 'Marketing', '1-3', 'female', 'completed', 8, '2026-01-26T09:17:00Z', '2026-01-26T09:40:00Z'),
  ('f0000000-0000-0000-0000-000000000012', 'e0000000-0000-0000-0000-000000000001', 'demo0012', 'Marketing', '<1', 'male', 'completed', 7, '2026-01-27T10:24:00Z', '2026-01-27T10:48:00Z'),
  ('f0000000-0000-0000-0000-000000000013', 'e0000000-0000-0000-0000-000000000001', 'demo0013', 'Marketing', '3-5', 'female', 'completed', 10, '2026-01-28T11:31:00Z', '2026-01-28T11:56:00Z'),
  ('f0000000-0000-0000-0000-000000000014', 'e0000000-0000-0000-0000-000000000001', 'demo0014', 'Marketing', '1-3', 'female', 'completed', 3, '2026-01-15T12:38:00Z', '2026-01-15T13:04:00Z'),
  ('f0000000-0000-0000-0000-000000000015', 'e0000000-0000-0000-0000-000000000001', 'demo0015', 'Marketing', '5-10', 'male', 'completed', 8, '2026-01-16T13:45:00Z', '2026-01-16T13:57:00Z'),
  ('f0000000-0000-0000-0000-000000000016', 'e0000000-0000-0000-0000-000000000001', 'demo0016', 'Operaciones', '1-3', 'male', 'completed', 6, '2026-01-17T14:52:00Z', '2026-01-17T15:05:00Z'),
  ('f0000000-0000-0000-0000-000000000017', 'e0000000-0000-0000-0000-000000000001', 'demo0017', 'Operaciones', '3-5', 'female', 'completed', 7, '2026-01-18T15:59:00Z', '2026-01-18T16:13:00Z'),
  ('f0000000-0000-0000-0000-000000000018', 'e0000000-0000-0000-0000-000000000001', 'demo0018', 'Operaciones', '<1', 'male', 'completed', 5, '2026-01-19T16:06:00Z', '2026-01-19T16:21:00Z'),
  ('f0000000-0000-0000-0000-000000000019', 'e0000000-0000-0000-0000-000000000001', 'demo0019', 'Operaciones', '10+', 'male', 'completed', 9, '2026-01-20T17:13:00Z', '2026-01-20T17:29:00Z'),
  ('f0000000-0000-0000-0000-000000000020', 'e0000000-0000-0000-0000-000000000001', 'demo0020', 'Operaciones', '1-3', 'female', 'completed', 8, '2026-01-21T08:20:00Z', '2026-01-21T08:37:00Z'),
  ('f0000000-0000-0000-0000-000000000021', 'e0000000-0000-0000-0000-000000000001', 'demo0021', 'Operaciones', '5-10', 'male', 'completed', 2, '2026-01-22T09:27:00Z', '2026-01-22T09:45:00Z'),
  ('f0000000-0000-0000-0000-000000000022', 'e0000000-0000-0000-0000-000000000001', 'demo0022', 'Operaciones', '3-5', 'female', 'completed', 7, '2026-01-23T10:34:00Z', '2026-01-23T10:53:00Z'),
  ('f0000000-0000-0000-0000-000000000023', 'e0000000-0000-0000-0000-000000000001', 'demo0023', 'Operaciones', '<1', 'male', 'completed', 6, '2026-01-24T11:41:00Z', '2026-01-24T12:01:00Z'),
  ('f0000000-0000-0000-0000-000000000024', 'e0000000-0000-0000-0000-000000000001', 'demo0024', 'Recursos Humanos', '3-5', 'female', 'completed', 9, '2026-01-25T12:48:00Z', '2026-01-25T13:09:00Z'),
  ('f0000000-0000-0000-0000-000000000025', 'e0000000-0000-0000-0000-000000000001', 'demo0025', 'Recursos Humanos', '1-3', 'female', 'completed', 8, '2026-01-26T13:55:00Z', '2026-01-26T14:17:00Z'),
  ('f0000000-0000-0000-0000-000000000026', 'e0000000-0000-0000-0000-000000000001', 'demo0026', 'Recursos Humanos', '5-10', 'male', 'completed', 10, '2026-01-27T14:02:00Z', '2026-01-27T14:25:00Z'),
  ('f0000000-0000-0000-0000-000000000027', 'e0000000-0000-0000-0000-000000000001', 'demo0027', 'Recursos Humanos', '10+', 'female', 'completed', 7, '2026-01-28T15:09:00Z', '2026-01-28T15:33:00Z'),
  ('f0000000-0000-0000-0000-000000000028', 'e0000000-0000-0000-0000-000000000001', 'demo0028', 'Finanzas', '1-3', 'male', 'completed', 4, '2026-01-15T16:16:00Z', '2026-01-15T16:41:00Z'),
  ('f0000000-0000-0000-0000-000000000029', 'e0000000-0000-0000-0000-000000000001', 'demo0029', 'Finanzas', '3-5', 'female', 'completed', 7, '2026-01-16T17:23:00Z', '2026-01-16T17:49:00Z'),
  ('f0000000-0000-0000-0000-000000000030', 'e0000000-0000-0000-0000-000000000001', 'demo0030', 'Finanzas', '<1', 'male', 'completed', 9, '2026-01-17T08:30:00Z', '2026-01-17T08:42:00Z'),
  ('f0000000-0000-0000-0000-000000000031', 'e0000000-0000-0000-0000-000000000001', 'demo0031', 'Finanzas', '5-10', 'female', 'completed', 8, '2026-01-18T09:37:00Z', '2026-01-18T09:50:00Z'),
  ('f0000000-0000-0000-0000-000000000032', 'e0000000-0000-0000-0000-000000000001', 'demo0032', 'Finanzas', '1-3', 'male', 'completed', 3, '2026-01-19T10:44:00Z', '2026-01-19T10:58:00Z');

-- ============================================================
-- Responses: 32 respondents × 37 items = 1,184 responses
-- ============================================================
INSERT INTO responses (respondent_id, item_id, score, answered_at) VALUES
  ('f0000000-0000-0000-0000-000000000001', 'c1000002-0000-0000-0000-000000000001', 5, '2026-01-16T08:03:00Z'),
  ('f0000000-0000-0000-0000-000000000001', 'c1000002-0000-0000-0000-000000000002', 5, '2026-01-16T08:05:00Z'),
  ('f0000000-0000-0000-0000-000000000001', 'c1000002-0000-0000-0000-000000000003', 5, '2026-01-16T08:07:00Z'),
  ('f0000000-0000-0000-0000-000000000001', 'c1000002-0000-0000-0000-000000000004', 5, '2026-01-16T08:09:00Z'),
  ('f0000000-0000-0000-0000-000000000001', 'c1000002-0000-0000-0000-000000000005', 1, '2026-01-16T08:11:00Z'),
  ('f0000000-0000-0000-0000-000000000001', 'c1000002-0000-0000-0000-000000000006', 4, '2026-01-16T08:13:00Z'),
  ('f0000000-0000-0000-0000-000000000001', 'c1000002-0000-0000-0000-000000000007', 4, '2026-01-16T08:15:00Z'),
  ('f0000000-0000-0000-0000-000000000001', 'c1000002-0000-0000-0000-000000000008', 4, '2026-01-16T08:17:00Z'),
  ('f0000000-0000-0000-0000-000000000001', 'c1000002-0000-0000-0000-000000000009', 5, '2026-01-16T08:19:00Z'),
  ('f0000000-0000-0000-0000-000000000001', 'c1000002-0000-0000-0000-000000000010', 3, '2026-01-16T08:21:00Z'),
  ('f0000000-0000-0000-0000-000000000001', 'c1000002-0000-0000-0000-000000000011', 4, '2026-01-16T08:23:00Z'),
  ('f0000000-0000-0000-0000-000000000001', 'c1000002-0000-0000-0000-000000000012', 5, '2026-01-16T08:25:00Z'),
  ('f0000000-0000-0000-0000-000000000001', 'c1000002-0000-0000-0000-000000000013', 5, '2026-01-16T08:27:00Z'),
  ('f0000000-0000-0000-0000-000000000001', 'c1000002-0000-0000-0000-000000000014', 2, '2026-01-16T08:29:00Z'),
  ('f0000000-0000-0000-0000-000000000001', 'c1000002-0000-0000-0000-000000000015', 4, '2026-01-16T08:31:00Z'),
  ('f0000000-0000-0000-0000-000000000001', 'c1000002-0000-0000-0000-000000000016', 4, '2026-01-16T08:33:00Z'),
  ('f0000000-0000-0000-0000-000000000001', 'c1000002-0000-0000-0000-000000000017', 4, '2026-01-16T08:35:00Z'),
  ('f0000000-0000-0000-0000-000000000001', 'c1000002-0000-0000-0000-000000000018', 5, '2026-01-16T08:37:00Z'),
  ('f0000000-0000-0000-0000-000000000001', 'c1000002-0000-0000-0000-000000000019', 5, '2026-01-16T08:39:00Z'),
  ('f0000000-0000-0000-0000-000000000001', 'c1000002-0000-0000-0000-000000000020', 1, '2026-01-16T08:41:00Z'),
  ('f0000000-0000-0000-0000-000000000001', 'c1000002-0000-0000-0000-000000000021', 4, '2026-01-16T08:43:00Z'),
  ('f0000000-0000-0000-0000-000000000001', 'c1000002-0000-0000-0000-000000000022', 5, '2026-01-16T08:45:00Z'),
  ('f0000000-0000-0000-0000-000000000001', 'c1000002-0000-0000-0000-000000000023', 3, '2026-01-16T08:47:00Z'),
  ('f0000000-0000-0000-0000-000000000001', 'c1000002-0000-0000-0000-000000000024', 3, '2026-01-16T08:49:00Z'),
  ('f0000000-0000-0000-0000-000000000001', 'c1000002-0000-0000-0000-000000000025', 3, '2026-01-16T08:51:00Z'),
  ('f0000000-0000-0000-0000-000000000001', 'c1000002-0000-0000-0000-000000000026', 4, '2026-01-16T08:53:00Z'),
  ('f0000000-0000-0000-0000-000000000001', 'c1000002-0000-0000-0000-000000000027', 4, '2026-01-16T08:55:00Z'),
  ('f0000000-0000-0000-0000-000000000001', 'c1000002-0000-0000-0000-000000000028', 2, '2026-01-16T08:57:00Z'),
  ('f0000000-0000-0000-0000-000000000001', 'c1000002-0000-0000-0000-000000000029', 2, '2026-01-16T08:59:00Z'),
  ('f0000000-0000-0000-0000-000000000001', 'c1000002-0000-0000-0000-000000000030', 5, '2026-01-16T09:01:00Z'),
  ('f0000000-0000-0000-0000-000000000001', 'c1000002-0000-0000-0000-000000000031', 4, '2026-01-16T09:03:00Z'),
  ('f0000000-0000-0000-0000-000000000001', 'c1000002-0000-0000-0000-000000000032', 3, '2026-01-16T09:05:00Z'),
  ('f0000000-0000-0000-0000-000000000001', 'c1000002-0000-0000-0000-000000000033', 2, '2026-01-16T09:07:00Z'),
  ('f0000000-0000-0000-0000-000000000001', 'c1000002-0000-0000-0000-000000000034', 5, '2026-01-16T09:09:00Z'),
  ('f0000000-0000-0000-0000-000000000001', 'c1000002-0000-0000-0000-000000000035', 4, '2026-01-16T09:11:00Z'),
  ('f0000000-0000-0000-0000-000000000001', 'c1000002-0000-0000-0000-000000000036', 5, '2026-01-16T09:13:00Z'),
  ('f0000000-0000-0000-0000-000000000001', 'c1000002-0000-0000-0000-000000000037', 2, '2026-01-16T09:15:00Z'),
  ('f0000000-0000-0000-0000-000000000002', 'c1000002-0000-0000-0000-000000000001', 4, '2026-01-17T08:04:00Z'),
  ('f0000000-0000-0000-0000-000000000002', 'c1000002-0000-0000-0000-000000000002', 3, '2026-01-17T08:06:00Z'),
  ('f0000000-0000-0000-0000-000000000002', 'c1000002-0000-0000-0000-000000000003', 4, '2026-01-17T08:08:00Z'),
  ('f0000000-0000-0000-0000-000000000002', 'c1000002-0000-0000-0000-000000000004', 5, '2026-01-17T08:10:00Z'),
  ('f0000000-0000-0000-0000-000000000002', 'c1000002-0000-0000-0000-000000000005', 2, '2026-01-17T08:12:00Z'),
  ('f0000000-0000-0000-0000-000000000002', 'c1000002-0000-0000-0000-000000000006', 3, '2026-01-17T08:14:00Z'),
  ('f0000000-0000-0000-0000-000000000002', 'c1000002-0000-0000-0000-000000000007', 4, '2026-01-17T08:16:00Z'),
  ('f0000000-0000-0000-0000-000000000002', 'c1000002-0000-0000-0000-000000000008', 3, '2026-01-17T08:18:00Z'),
  ('f0000000-0000-0000-0000-000000000002', 'c1000002-0000-0000-0000-000000000009', 3, '2026-01-17T08:20:00Z'),
  ('f0000000-0000-0000-0000-000000000002', 'c1000002-0000-0000-0000-000000000010', 3, '2026-01-17T08:22:00Z'),
  ('f0000000-0000-0000-0000-000000000002', 'c1000002-0000-0000-0000-000000000011', 5, '2026-01-17T08:24:00Z'),
  ('f0000000-0000-0000-0000-000000000002', 'c1000002-0000-0000-0000-000000000012', 4, '2026-01-17T08:26:00Z'),
  ('f0000000-0000-0000-0000-000000000002', 'c1000002-0000-0000-0000-000000000013', 4, '2026-01-17T08:28:00Z'),
  ('f0000000-0000-0000-0000-000000000002', 'c1000002-0000-0000-0000-000000000014', 1, '2026-01-17T08:30:00Z'),
  ('f0000000-0000-0000-0000-000000000002', 'c1000002-0000-0000-0000-000000000015', 4, '2026-01-17T08:32:00Z'),
  ('f0000000-0000-0000-0000-000000000002', 'c1000002-0000-0000-0000-000000000016', 4, '2026-01-17T08:34:00Z'),
  ('f0000000-0000-0000-0000-000000000002', 'c1000002-0000-0000-0000-000000000017', 3, '2026-01-17T08:36:00Z'),
  ('f0000000-0000-0000-0000-000000000002', 'c1000002-0000-0000-0000-000000000018', 4, '2026-01-17T08:38:00Z'),
  ('f0000000-0000-0000-0000-000000000002', 'c1000002-0000-0000-0000-000000000019', 4, '2026-01-17T08:40:00Z'),
  ('f0000000-0000-0000-0000-000000000002', 'c1000002-0000-0000-0000-000000000020', 2, '2026-01-17T08:42:00Z'),
  ('f0000000-0000-0000-0000-000000000002', 'c1000002-0000-0000-0000-000000000021', 5, '2026-01-17T08:44:00Z'),
  ('f0000000-0000-0000-0000-000000000002', 'c1000002-0000-0000-0000-000000000022', 3, '2026-01-17T08:46:00Z'),
  ('f0000000-0000-0000-0000-000000000002', 'c1000002-0000-0000-0000-000000000023', 5, '2026-01-17T08:48:00Z'),
  ('f0000000-0000-0000-0000-000000000002', 'c1000002-0000-0000-0000-000000000024', 2, '2026-01-17T08:50:00Z'),
  ('f0000000-0000-0000-0000-000000000002', 'c1000002-0000-0000-0000-000000000025', 5, '2026-01-17T08:52:00Z'),
  ('f0000000-0000-0000-0000-000000000002', 'c1000002-0000-0000-0000-000000000026', 3, '2026-01-17T08:54:00Z'),
  ('f0000000-0000-0000-0000-000000000002', 'c1000002-0000-0000-0000-000000000027', 3, '2026-01-17T08:56:00Z'),
  ('f0000000-0000-0000-0000-000000000002', 'c1000002-0000-0000-0000-000000000028', 1, '2026-01-17T08:58:00Z'),
  ('f0000000-0000-0000-0000-000000000002', 'c1000002-0000-0000-0000-000000000029', 2, '2026-01-17T09:00:00Z'),
  ('f0000000-0000-0000-0000-000000000002', 'c1000002-0000-0000-0000-000000000030', 4, '2026-01-17T09:02:00Z'),
  ('f0000000-0000-0000-0000-000000000002', 'c1000002-0000-0000-0000-000000000031', 4, '2026-01-17T09:04:00Z'),
  ('f0000000-0000-0000-0000-000000000002', 'c1000002-0000-0000-0000-000000000032', 4, '2026-01-17T09:06:00Z'),
  ('f0000000-0000-0000-0000-000000000002', 'c1000002-0000-0000-0000-000000000033', 3, '2026-01-17T09:08:00Z'),
  ('f0000000-0000-0000-0000-000000000002', 'c1000002-0000-0000-0000-000000000034', 3, '2026-01-17T09:10:00Z'),
  ('f0000000-0000-0000-0000-000000000002', 'c1000002-0000-0000-0000-000000000035', 5, '2026-01-17T09:12:00Z'),
  ('f0000000-0000-0000-0000-000000000002', 'c1000002-0000-0000-0000-000000000036', 5, '2026-01-17T09:14:00Z'),
  ('f0000000-0000-0000-0000-000000000002', 'c1000002-0000-0000-0000-000000000037', 1, '2026-01-17T09:16:00Z'),
  ('f0000000-0000-0000-0000-000000000003', 'c1000002-0000-0000-0000-000000000001', 5, '2026-01-18T08:05:00Z'),
  ('f0000000-0000-0000-0000-000000000003', 'c1000002-0000-0000-0000-000000000002', 3, '2026-01-18T08:07:00Z'),
  ('f0000000-0000-0000-0000-000000000003', 'c1000002-0000-0000-0000-000000000003', 4, '2026-01-18T08:09:00Z'),
  ('f0000000-0000-0000-0000-000000000003', 'c1000002-0000-0000-0000-000000000004', 5, '2026-01-18T08:11:00Z'),
  ('f0000000-0000-0000-0000-000000000003', 'c1000002-0000-0000-0000-000000000005', 1, '2026-01-18T08:13:00Z'),
  ('f0000000-0000-0000-0000-000000000003', 'c1000002-0000-0000-0000-000000000006', 4, '2026-01-18T08:15:00Z'),
  ('f0000000-0000-0000-0000-000000000003', 'c1000002-0000-0000-0000-000000000007', 4, '2026-01-18T08:17:00Z'),
  ('f0000000-0000-0000-0000-000000000003', 'c1000002-0000-0000-0000-000000000008', 4, '2026-01-18T08:19:00Z'),
  ('f0000000-0000-0000-0000-000000000003', 'c1000002-0000-0000-0000-000000000009', 3, '2026-01-18T08:21:00Z'),
  ('f0000000-0000-0000-0000-000000000003', 'c1000002-0000-0000-0000-000000000010', 2, '2026-01-18T08:23:00Z'),
  ('f0000000-0000-0000-0000-000000000003', 'c1000002-0000-0000-0000-000000000011', 4, '2026-01-18T08:25:00Z'),
  ('f0000000-0000-0000-0000-000000000003', 'c1000002-0000-0000-0000-000000000012', 4, '2026-01-18T08:27:00Z'),
  ('f0000000-0000-0000-0000-000000000003', 'c1000002-0000-0000-0000-000000000013', 4, '2026-01-18T08:29:00Z'),
  ('f0000000-0000-0000-0000-000000000003', 'c1000002-0000-0000-0000-000000000014', 2, '2026-01-18T08:31:00Z'),
  ('f0000000-0000-0000-0000-000000000003', 'c1000002-0000-0000-0000-000000000015', 4, '2026-01-18T08:33:00Z'),
  ('f0000000-0000-0000-0000-000000000003', 'c1000002-0000-0000-0000-000000000016', 3, '2026-01-18T08:35:00Z'),
  ('f0000000-0000-0000-0000-000000000003', 'c1000002-0000-0000-0000-000000000017', 4, '2026-01-18T08:37:00Z'),
  ('f0000000-0000-0000-0000-000000000003', 'c1000002-0000-0000-0000-000000000018', 4, '2026-01-18T08:39:00Z'),
  ('f0000000-0000-0000-0000-000000000003', 'c1000002-0000-0000-0000-000000000019', 4, '2026-01-18T08:41:00Z'),
  ('f0000000-0000-0000-0000-000000000003', 'c1000002-0000-0000-0000-000000000020', 3, '2026-01-18T08:43:00Z'),
  ('f0000000-0000-0000-0000-000000000003', 'c1000002-0000-0000-0000-000000000021', 4, '2026-01-18T08:45:00Z'),
  ('f0000000-0000-0000-0000-000000000003', 'c1000002-0000-0000-0000-000000000022', 3, '2026-01-18T08:47:00Z'),
  ('f0000000-0000-0000-0000-000000000003', 'c1000002-0000-0000-0000-000000000023', 3, '2026-01-18T08:49:00Z'),
  ('f0000000-0000-0000-0000-000000000003', 'c1000002-0000-0000-0000-000000000024', 2, '2026-01-18T08:51:00Z'),
  ('f0000000-0000-0000-0000-000000000003', 'c1000002-0000-0000-0000-000000000025', 3, '2026-01-18T08:53:00Z'),
  ('f0000000-0000-0000-0000-000000000003', 'c1000002-0000-0000-0000-000000000026', 4, '2026-01-18T08:55:00Z'),
  ('f0000000-0000-0000-0000-000000000003', 'c1000002-0000-0000-0000-000000000027', 3, '2026-01-18T08:57:00Z'),
  ('f0000000-0000-0000-0000-000000000003', 'c1000002-0000-0000-0000-000000000028', 2, '2026-01-18T08:59:00Z'),
  ('f0000000-0000-0000-0000-000000000003', 'c1000002-0000-0000-0000-000000000029', 2, '2026-01-18T09:01:00Z'),
  ('f0000000-0000-0000-0000-000000000003', 'c1000002-0000-0000-0000-000000000030', 5, '2026-01-18T09:03:00Z'),
  ('f0000000-0000-0000-0000-000000000003', 'c1000002-0000-0000-0000-000000000031', 3, '2026-01-18T09:05:00Z'),
  ('f0000000-0000-0000-0000-000000000003', 'c1000002-0000-0000-0000-000000000032', 4, '2026-01-18T09:07:00Z'),
  ('f0000000-0000-0000-0000-000000000003', 'c1000002-0000-0000-0000-000000000033', 2, '2026-01-18T09:09:00Z'),
  ('f0000000-0000-0000-0000-000000000003', 'c1000002-0000-0000-0000-000000000034', 3, '2026-01-18T09:11:00Z'),
  ('f0000000-0000-0000-0000-000000000003', 'c1000002-0000-0000-0000-000000000035', 5, '2026-01-18T09:13:00Z'),
  ('f0000000-0000-0000-0000-000000000003', 'c1000002-0000-0000-0000-000000000036', 3, '2026-01-18T09:15:00Z'),
  ('f0000000-0000-0000-0000-000000000003', 'c1000002-0000-0000-0000-000000000037', 2, '2026-01-18T09:17:00Z'),
  ('f0000000-0000-0000-0000-000000000004', 'c1000002-0000-0000-0000-000000000001', 5, '2026-01-19T08:06:00Z'),
  ('f0000000-0000-0000-0000-000000000004', 'c1000002-0000-0000-0000-000000000002', 4, '2026-01-19T08:08:00Z'),
  ('f0000000-0000-0000-0000-000000000004', 'c1000002-0000-0000-0000-000000000003', 4, '2026-01-19T08:10:00Z'),
  ('f0000000-0000-0000-0000-000000000004', 'c1000002-0000-0000-0000-000000000004', 4, '2026-01-19T08:12:00Z'),
  ('f0000000-0000-0000-0000-000000000004', 'c1000002-0000-0000-0000-000000000005', 2, '2026-01-19T08:14:00Z'),
  ('f0000000-0000-0000-0000-000000000004', 'c1000002-0000-0000-0000-000000000006', 4, '2026-01-19T08:16:00Z'),
  ('f0000000-0000-0000-0000-000000000004', 'c1000002-0000-0000-0000-000000000007', 3, '2026-01-19T08:18:00Z'),
  ('f0000000-0000-0000-0000-000000000004', 'c1000002-0000-0000-0000-000000000008', 4, '2026-01-19T08:20:00Z'),
  ('f0000000-0000-0000-0000-000000000004', 'c1000002-0000-0000-0000-000000000009', 5, '2026-01-19T08:22:00Z'),
  ('f0000000-0000-0000-0000-000000000004', 'c1000002-0000-0000-0000-000000000010', 2, '2026-01-19T08:24:00Z'),
  ('f0000000-0000-0000-0000-000000000004', 'c1000002-0000-0000-0000-000000000011', 5, '2026-01-19T08:26:00Z'),
  ('f0000000-0000-0000-0000-000000000004', 'c1000002-0000-0000-0000-000000000012', 4, '2026-01-19T08:28:00Z'),
  ('f0000000-0000-0000-0000-000000000004', 'c1000002-0000-0000-0000-000000000013', 4, '2026-01-19T08:30:00Z'),
  ('f0000000-0000-0000-0000-000000000004', 'c1000002-0000-0000-0000-000000000014', 3, '2026-01-19T08:32:00Z'),
  ('f0000000-0000-0000-0000-000000000004', 'c1000002-0000-0000-0000-000000000015', 4, '2026-01-19T08:34:00Z'),
  ('f0000000-0000-0000-0000-000000000004', 'c1000002-0000-0000-0000-000000000016', 4, '2026-01-19T08:36:00Z'),
  ('f0000000-0000-0000-0000-000000000004', 'c1000002-0000-0000-0000-000000000017', 3, '2026-01-19T08:38:00Z'),
  ('f0000000-0000-0000-0000-000000000004', 'c1000002-0000-0000-0000-000000000018', 5, '2026-01-19T08:40:00Z'),
  ('f0000000-0000-0000-0000-000000000004', 'c1000002-0000-0000-0000-000000000019', 5, '2026-01-19T08:42:00Z'),
  ('f0000000-0000-0000-0000-000000000004', 'c1000002-0000-0000-0000-000000000020', 3, '2026-01-19T08:44:00Z'),
  ('f0000000-0000-0000-0000-000000000004', 'c1000002-0000-0000-0000-000000000021', 5, '2026-01-19T08:46:00Z'),
  ('f0000000-0000-0000-0000-000000000004', 'c1000002-0000-0000-0000-000000000022', 3, '2026-01-19T08:48:00Z'),
  ('f0000000-0000-0000-0000-000000000004', 'c1000002-0000-0000-0000-000000000023', 4, '2026-01-19T08:50:00Z'),
  ('f0000000-0000-0000-0000-000000000004', 'c1000002-0000-0000-0000-000000000024', 3, '2026-01-19T08:52:00Z'),
  ('f0000000-0000-0000-0000-000000000004', 'c1000002-0000-0000-0000-000000000025', 4, '2026-01-19T08:54:00Z'),
  ('f0000000-0000-0000-0000-000000000004', 'c1000002-0000-0000-0000-000000000026', 3, '2026-01-19T08:56:00Z'),
  ('f0000000-0000-0000-0000-000000000004', 'c1000002-0000-0000-0000-000000000027', 5, '2026-01-19T08:58:00Z'),
  ('f0000000-0000-0000-0000-000000000004', 'c1000002-0000-0000-0000-000000000028', 3, '2026-01-19T09:00:00Z'),
  ('f0000000-0000-0000-0000-000000000004', 'c1000002-0000-0000-0000-000000000029', 2, '2026-01-19T09:02:00Z'),
  ('f0000000-0000-0000-0000-000000000004', 'c1000002-0000-0000-0000-000000000030', 4, '2026-01-19T09:04:00Z'),
  ('f0000000-0000-0000-0000-000000000004', 'c1000002-0000-0000-0000-000000000031', 4, '2026-01-19T09:06:00Z'),
  ('f0000000-0000-0000-0000-000000000004', 'c1000002-0000-0000-0000-000000000032', 4, '2026-01-19T09:08:00Z'),
  ('f0000000-0000-0000-0000-000000000004', 'c1000002-0000-0000-0000-000000000033', 1, '2026-01-19T09:10:00Z'),
  ('f0000000-0000-0000-0000-000000000004', 'c1000002-0000-0000-0000-000000000034', 4, '2026-01-19T09:12:00Z'),
  ('f0000000-0000-0000-0000-000000000004', 'c1000002-0000-0000-0000-000000000035', 5, '2026-01-19T09:14:00Z'),
  ('f0000000-0000-0000-0000-000000000004', 'c1000002-0000-0000-0000-000000000036', 5, '2026-01-19T09:16:00Z'),
  ('f0000000-0000-0000-0000-000000000004', 'c1000002-0000-0000-0000-000000000037', 3, '2026-01-19T09:18:00Z'),
  ('f0000000-0000-0000-0000-000000000005', 'c1000002-0000-0000-0000-000000000001', 4, '2026-01-20T08:07:00Z'),
  ('f0000000-0000-0000-0000-000000000005', 'c1000002-0000-0000-0000-000000000002', 4, '2026-01-20T08:09:00Z'),
  ('f0000000-0000-0000-0000-000000000005', 'c1000002-0000-0000-0000-000000000003', 4, '2026-01-20T08:11:00Z'),
  ('f0000000-0000-0000-0000-000000000005', 'c1000002-0000-0000-0000-000000000004', 4, '2026-01-20T08:13:00Z'),
  ('f0000000-0000-0000-0000-000000000005', 'c1000002-0000-0000-0000-000000000005', 1, '2026-01-20T08:15:00Z'),
  ('f0000000-0000-0000-0000-000000000005', 'c1000002-0000-0000-0000-000000000006', 4, '2026-01-20T08:17:00Z'),
  ('f0000000-0000-0000-0000-000000000005', 'c1000002-0000-0000-0000-000000000007', 4, '2026-01-20T08:19:00Z'),
  ('f0000000-0000-0000-0000-000000000005', 'c1000002-0000-0000-0000-000000000008', 4, '2026-01-20T08:21:00Z'),
  ('f0000000-0000-0000-0000-000000000005', 'c1000002-0000-0000-0000-000000000009', 3, '2026-01-20T08:23:00Z'),
  ('f0000000-0000-0000-0000-000000000005', 'c1000002-0000-0000-0000-000000000010', 2, '2026-01-20T08:25:00Z'),
  ('f0000000-0000-0000-0000-000000000005', 'c1000002-0000-0000-0000-000000000011', 5, '2026-01-20T08:27:00Z'),
  ('f0000000-0000-0000-0000-000000000005', 'c1000002-0000-0000-0000-000000000012', 4, '2026-01-20T08:29:00Z'),
  ('f0000000-0000-0000-0000-000000000005', 'c1000002-0000-0000-0000-000000000013', 4, '2026-01-20T08:31:00Z'),
  ('f0000000-0000-0000-0000-000000000005', 'c1000002-0000-0000-0000-000000000014', 2, '2026-01-20T08:33:00Z'),
  ('f0000000-0000-0000-0000-000000000005', 'c1000002-0000-0000-0000-000000000015', 4, '2026-01-20T08:35:00Z'),
  ('f0000000-0000-0000-0000-000000000005', 'c1000002-0000-0000-0000-000000000016', 4, '2026-01-20T08:37:00Z'),
  ('f0000000-0000-0000-0000-000000000005', 'c1000002-0000-0000-0000-000000000017', 4, '2026-01-20T08:39:00Z'),
  ('f0000000-0000-0000-0000-000000000005', 'c1000002-0000-0000-0000-000000000018', 3, '2026-01-20T08:41:00Z'),
  ('f0000000-0000-0000-0000-000000000005', 'c1000002-0000-0000-0000-000000000019', 4, '2026-01-20T08:43:00Z'),
  ('f0000000-0000-0000-0000-000000000005', 'c1000002-0000-0000-0000-000000000020', 2, '2026-01-20T08:45:00Z'),
  ('f0000000-0000-0000-0000-000000000005', 'c1000002-0000-0000-0000-000000000021', 3, '2026-01-20T08:47:00Z'),
  ('f0000000-0000-0000-0000-000000000005', 'c1000002-0000-0000-0000-000000000022', 4, '2026-01-20T08:49:00Z'),
  ('f0000000-0000-0000-0000-000000000005', 'c1000002-0000-0000-0000-000000000023', 3, '2026-01-20T08:51:00Z'),
  ('f0000000-0000-0000-0000-000000000005', 'c1000002-0000-0000-0000-000000000024', 2, '2026-01-20T08:53:00Z'),
  ('f0000000-0000-0000-0000-000000000005', 'c1000002-0000-0000-0000-000000000025', 4, '2026-01-20T08:55:00Z'),
  ('f0000000-0000-0000-0000-000000000005', 'c1000002-0000-0000-0000-000000000026', 4, '2026-01-20T08:57:00Z'),
  ('f0000000-0000-0000-0000-000000000005', 'c1000002-0000-0000-0000-000000000027', 3, '2026-01-20T08:59:00Z'),
  ('f0000000-0000-0000-0000-000000000005', 'c1000002-0000-0000-0000-000000000028', 1, '2026-01-20T09:01:00Z'),
  ('f0000000-0000-0000-0000-000000000005', 'c1000002-0000-0000-0000-000000000029', 2, '2026-01-20T09:03:00Z'),
  ('f0000000-0000-0000-0000-000000000005', 'c1000002-0000-0000-0000-000000000030', 3, '2026-01-20T09:05:00Z'),
  ('f0000000-0000-0000-0000-000000000005', 'c1000002-0000-0000-0000-000000000031', 4, '2026-01-20T09:07:00Z'),
  ('f0000000-0000-0000-0000-000000000005', 'c1000002-0000-0000-0000-000000000032', 3, '2026-01-20T09:09:00Z'),
  ('f0000000-0000-0000-0000-000000000005', 'c1000002-0000-0000-0000-000000000033', 2, '2026-01-20T09:11:00Z'),
  ('f0000000-0000-0000-0000-000000000005', 'c1000002-0000-0000-0000-000000000034', 4, '2026-01-20T09:13:00Z'),
  ('f0000000-0000-0000-0000-000000000005', 'c1000002-0000-0000-0000-000000000035', 5, '2026-01-20T09:15:00Z'),
  ('f0000000-0000-0000-0000-000000000005', 'c1000002-0000-0000-0000-000000000036', 5, '2026-01-20T09:17:00Z'),
  ('f0000000-0000-0000-0000-000000000005', 'c1000002-0000-0000-0000-000000000037', 2, '2026-01-20T09:19:00Z'),
  ('f0000000-0000-0000-0000-000000000006', 'c1000002-0000-0000-0000-000000000001', 4, '2026-01-21T08:08:00Z'),
  ('f0000000-0000-0000-0000-000000000006', 'c1000002-0000-0000-0000-000000000002', 3, '2026-01-21T08:10:00Z'),
  ('f0000000-0000-0000-0000-000000000006', 'c1000002-0000-0000-0000-000000000003', 5, '2026-01-21T08:12:00Z'),
  ('f0000000-0000-0000-0000-000000000006', 'c1000002-0000-0000-0000-000000000004', 4, '2026-01-21T08:14:00Z'),
  ('f0000000-0000-0000-0000-000000000006', 'c1000002-0000-0000-0000-000000000005', 2, '2026-01-21T08:16:00Z'),
  ('f0000000-0000-0000-0000-000000000006', 'c1000002-0000-0000-0000-000000000006', 4, '2026-01-21T08:18:00Z'),
  ('f0000000-0000-0000-0000-000000000006', 'c1000002-0000-0000-0000-000000000007', 3, '2026-01-21T08:20:00Z'),
  ('f0000000-0000-0000-0000-000000000006', 'c1000002-0000-0000-0000-000000000008', 3, '2026-01-21T08:22:00Z'),
  ('f0000000-0000-0000-0000-000000000006', 'c1000002-0000-0000-0000-000000000009', 4, '2026-01-21T08:24:00Z'),
  ('f0000000-0000-0000-0000-000000000006', 'c1000002-0000-0000-0000-000000000010', 3, '2026-01-21T08:26:00Z'),
  ('f0000000-0000-0000-0000-000000000006', 'c1000002-0000-0000-0000-000000000011', 3, '2026-01-21T08:28:00Z'),
  ('f0000000-0000-0000-0000-000000000006', 'c1000002-0000-0000-0000-000000000012', 4, '2026-01-21T08:30:00Z'),
  ('f0000000-0000-0000-0000-000000000006', 'c1000002-0000-0000-0000-000000000013', 4, '2026-01-21T08:32:00Z'),
  ('f0000000-0000-0000-0000-000000000006', 'c1000002-0000-0000-0000-000000000014', 2, '2026-01-21T08:34:00Z'),
  ('f0000000-0000-0000-0000-000000000006', 'c1000002-0000-0000-0000-000000000015', 4, '2026-01-21T08:36:00Z'),
  ('f0000000-0000-0000-0000-000000000006', 'c1000002-0000-0000-0000-000000000016', 4, '2026-01-21T08:38:00Z'),
  ('f0000000-0000-0000-0000-000000000006', 'c1000002-0000-0000-0000-000000000017', 4, '2026-01-21T08:40:00Z'),
  ('f0000000-0000-0000-0000-000000000006', 'c1000002-0000-0000-0000-000000000018', 4, '2026-01-21T08:42:00Z'),
  ('f0000000-0000-0000-0000-000000000006', 'c1000002-0000-0000-0000-000000000019', 4, '2026-01-21T08:44:00Z'),
  ('f0000000-0000-0000-0000-000000000006', 'c1000002-0000-0000-0000-000000000020', 1, '2026-01-21T08:46:00Z'),
  ('f0000000-0000-0000-0000-000000000006', 'c1000002-0000-0000-0000-000000000021', 2, '2026-01-21T08:48:00Z'),
  ('f0000000-0000-0000-0000-000000000006', 'c1000002-0000-0000-0000-000000000022', 3, '2026-01-21T08:50:00Z'),
  ('f0000000-0000-0000-0000-000000000006', 'c1000002-0000-0000-0000-000000000023', 3, '2026-01-21T08:52:00Z'),
  ('f0000000-0000-0000-0000-000000000006', 'c1000002-0000-0000-0000-000000000024', 2, '2026-01-21T08:54:00Z'),
  ('f0000000-0000-0000-0000-000000000006', 'c1000002-0000-0000-0000-000000000025', 4, '2026-01-21T08:56:00Z'),
  ('f0000000-0000-0000-0000-000000000006', 'c1000002-0000-0000-0000-000000000026', 5, '2026-01-21T08:58:00Z'),
  ('f0000000-0000-0000-0000-000000000006', 'c1000002-0000-0000-0000-000000000027', 4, '2026-01-21T09:00:00Z'),
  ('f0000000-0000-0000-0000-000000000006', 'c1000002-0000-0000-0000-000000000028', 2, '2026-01-21T09:02:00Z'),
  ('f0000000-0000-0000-0000-000000000006', 'c1000002-0000-0000-0000-000000000029', 2, '2026-01-21T09:04:00Z'),
  ('f0000000-0000-0000-0000-000000000006', 'c1000002-0000-0000-0000-000000000030', 4, '2026-01-21T09:06:00Z'),
  ('f0000000-0000-0000-0000-000000000006', 'c1000002-0000-0000-0000-000000000031', 4, '2026-01-21T09:08:00Z'),
  ('f0000000-0000-0000-0000-000000000006', 'c1000002-0000-0000-0000-000000000032', 4, '2026-01-21T09:10:00Z'),
  ('f0000000-0000-0000-0000-000000000006', 'c1000002-0000-0000-0000-000000000033', 1, '2026-01-21T09:12:00Z'),
  ('f0000000-0000-0000-0000-000000000006', 'c1000002-0000-0000-0000-000000000034', 4, '2026-01-21T09:14:00Z'),
  ('f0000000-0000-0000-0000-000000000006', 'c1000002-0000-0000-0000-000000000035', 5, '2026-01-21T09:16:00Z'),
  ('f0000000-0000-0000-0000-000000000006', 'c1000002-0000-0000-0000-000000000036', 4, '2026-01-21T09:18:00Z'),
  ('f0000000-0000-0000-0000-000000000006', 'c1000002-0000-0000-0000-000000000037', 1, '2026-01-21T09:20:00Z'),
  ('f0000000-0000-0000-0000-000000000007', 'c1000002-0000-0000-0000-000000000001', 5, '2026-01-22T08:09:00Z'),
  ('f0000000-0000-0000-0000-000000000007', 'c1000002-0000-0000-0000-000000000002', 5, '2026-01-22T08:11:00Z'),
  ('f0000000-0000-0000-0000-000000000007', 'c1000002-0000-0000-0000-000000000003', 4, '2026-01-22T08:13:00Z'),
  ('f0000000-0000-0000-0000-000000000007', 'c1000002-0000-0000-0000-000000000004', 5, '2026-01-22T08:15:00Z'),
  ('f0000000-0000-0000-0000-000000000007', 'c1000002-0000-0000-0000-000000000005', 1, '2026-01-22T08:17:00Z'),
  ('f0000000-0000-0000-0000-000000000007', 'c1000002-0000-0000-0000-000000000006', 4, '2026-01-22T08:19:00Z'),
  ('f0000000-0000-0000-0000-000000000007', 'c1000002-0000-0000-0000-000000000007', 3, '2026-01-22T08:21:00Z'),
  ('f0000000-0000-0000-0000-000000000007', 'c1000002-0000-0000-0000-000000000008', 3, '2026-01-22T08:23:00Z'),
  ('f0000000-0000-0000-0000-000000000007', 'c1000002-0000-0000-0000-000000000009', 4, '2026-01-22T08:25:00Z'),
  ('f0000000-0000-0000-0000-000000000007', 'c1000002-0000-0000-0000-000000000010', 3, '2026-01-22T08:27:00Z'),
  ('f0000000-0000-0000-0000-000000000007', 'c1000002-0000-0000-0000-000000000011', 5, '2026-01-22T08:29:00Z'),
  ('f0000000-0000-0000-0000-000000000007', 'c1000002-0000-0000-0000-000000000012', 5, '2026-01-22T08:31:00Z'),
  ('f0000000-0000-0000-0000-000000000007', 'c1000002-0000-0000-0000-000000000013', 4, '2026-01-22T08:33:00Z'),
  ('f0000000-0000-0000-0000-000000000007', 'c1000002-0000-0000-0000-000000000014', 2, '2026-01-22T08:35:00Z'),
  ('f0000000-0000-0000-0000-000000000007', 'c1000002-0000-0000-0000-000000000015', 4, '2026-01-22T08:37:00Z'),
  ('f0000000-0000-0000-0000-000000000007', 'c1000002-0000-0000-0000-000000000016', 4, '2026-01-22T08:39:00Z'),
  ('f0000000-0000-0000-0000-000000000007', 'c1000002-0000-0000-0000-000000000017', 4, '2026-01-22T08:41:00Z'),
  ('f0000000-0000-0000-0000-000000000007', 'c1000002-0000-0000-0000-000000000018', 4, '2026-01-22T08:43:00Z'),
  ('f0000000-0000-0000-0000-000000000007', 'c1000002-0000-0000-0000-000000000019', 3, '2026-01-22T08:45:00Z'),
  ('f0000000-0000-0000-0000-000000000007', 'c1000002-0000-0000-0000-000000000020', 2, '2026-01-22T08:47:00Z'),
  ('f0000000-0000-0000-0000-000000000007', 'c1000002-0000-0000-0000-000000000021', 4, '2026-01-22T08:49:00Z'),
  ('f0000000-0000-0000-0000-000000000007', 'c1000002-0000-0000-0000-000000000022', 4, '2026-01-22T08:51:00Z'),
  ('f0000000-0000-0000-0000-000000000007', 'c1000002-0000-0000-0000-000000000023', 4, '2026-01-22T08:53:00Z'),
  ('f0000000-0000-0000-0000-000000000007', 'c1000002-0000-0000-0000-000000000024', 3, '2026-01-22T08:55:00Z'),
  ('f0000000-0000-0000-0000-000000000007', 'c1000002-0000-0000-0000-000000000025', 5, '2026-01-22T08:57:00Z'),
  ('f0000000-0000-0000-0000-000000000007', 'c1000002-0000-0000-0000-000000000026', 4, '2026-01-22T08:59:00Z'),
  ('f0000000-0000-0000-0000-000000000007', 'c1000002-0000-0000-0000-000000000027', 5, '2026-01-22T09:01:00Z'),
  ('f0000000-0000-0000-0000-000000000007', 'c1000002-0000-0000-0000-000000000028', 2, '2026-01-22T09:03:00Z'),
  ('f0000000-0000-0000-0000-000000000007', 'c1000002-0000-0000-0000-000000000029', 2, '2026-01-22T09:05:00Z'),
  ('f0000000-0000-0000-0000-000000000007', 'c1000002-0000-0000-0000-000000000030', 4, '2026-01-22T09:07:00Z'),
  ('f0000000-0000-0000-0000-000000000007', 'c1000002-0000-0000-0000-000000000031', 4, '2026-01-22T09:09:00Z'),
  ('f0000000-0000-0000-0000-000000000007', 'c1000002-0000-0000-0000-000000000032', 4, '2026-01-22T09:11:00Z'),
  ('f0000000-0000-0000-0000-000000000007', 'c1000002-0000-0000-0000-000000000033', 2, '2026-01-22T09:13:00Z'),
  ('f0000000-0000-0000-0000-000000000007', 'c1000002-0000-0000-0000-000000000034', 4, '2026-01-22T09:15:00Z'),
  ('f0000000-0000-0000-0000-000000000007', 'c1000002-0000-0000-0000-000000000035', 4, '2026-01-22T09:17:00Z'),
  ('f0000000-0000-0000-0000-000000000007', 'c1000002-0000-0000-0000-000000000036', 4, '2026-01-22T09:19:00Z'),
  ('f0000000-0000-0000-0000-000000000007', 'c1000002-0000-0000-0000-000000000037', 2, '2026-01-22T09:21:00Z'),
  ('f0000000-0000-0000-0000-000000000008', 'c1000002-0000-0000-0000-000000000001', 4, '2026-01-23T08:10:00Z'),
  ('f0000000-0000-0000-0000-000000000008', 'c1000002-0000-0000-0000-000000000002', 4, '2026-01-23T08:12:00Z'),
  ('f0000000-0000-0000-0000-000000000008', 'c1000002-0000-0000-0000-000000000003', 4, '2026-01-23T08:14:00Z'),
  ('f0000000-0000-0000-0000-000000000008', 'c1000002-0000-0000-0000-000000000004', 5, '2026-01-23T08:16:00Z'),
  ('f0000000-0000-0000-0000-000000000008', 'c1000002-0000-0000-0000-000000000005', 1, '2026-01-23T08:18:00Z'),
  ('f0000000-0000-0000-0000-000000000008', 'c1000002-0000-0000-0000-000000000006', 3, '2026-01-23T08:20:00Z'),
  ('f0000000-0000-0000-0000-000000000008', 'c1000002-0000-0000-0000-000000000007', 3, '2026-01-23T08:22:00Z'),
  ('f0000000-0000-0000-0000-000000000008', 'c1000002-0000-0000-0000-000000000008', 3, '2026-01-23T08:24:00Z'),
  ('f0000000-0000-0000-0000-000000000008', 'c1000002-0000-0000-0000-000000000009', 4, '2026-01-23T08:26:00Z'),
  ('f0000000-0000-0000-0000-000000000008', 'c1000002-0000-0000-0000-000000000010', 1, '2026-01-23T08:28:00Z'),
  ('f0000000-0000-0000-0000-000000000008', 'c1000002-0000-0000-0000-000000000011', 5, '2026-01-23T08:30:00Z'),
  ('f0000000-0000-0000-0000-000000000008', 'c1000002-0000-0000-0000-000000000012', 4, '2026-01-23T08:32:00Z'),
  ('f0000000-0000-0000-0000-000000000008', 'c1000002-0000-0000-0000-000000000013', 4, '2026-01-23T08:34:00Z'),
  ('f0000000-0000-0000-0000-000000000008', 'c1000002-0000-0000-0000-000000000014', 1, '2026-01-23T08:36:00Z'),
  ('f0000000-0000-0000-0000-000000000008', 'c1000002-0000-0000-0000-000000000015', 4, '2026-01-23T08:38:00Z'),
  ('f0000000-0000-0000-0000-000000000008', 'c1000002-0000-0000-0000-000000000016', 5, '2026-01-23T08:40:00Z'),
  ('f0000000-0000-0000-0000-000000000008', 'c1000002-0000-0000-0000-000000000017', 3, '2026-01-23T08:42:00Z'),
  ('f0000000-0000-0000-0000-000000000008', 'c1000002-0000-0000-0000-000000000018', 4, '2026-01-23T08:44:00Z'),
  ('f0000000-0000-0000-0000-000000000008', 'c1000002-0000-0000-0000-000000000019', 3, '2026-01-23T08:46:00Z'),
  ('f0000000-0000-0000-0000-000000000008', 'c1000002-0000-0000-0000-000000000020', 2, '2026-01-23T08:48:00Z'),
  ('f0000000-0000-0000-0000-000000000008', 'c1000002-0000-0000-0000-000000000021', 4, '2026-01-23T08:50:00Z'),
  ('f0000000-0000-0000-0000-000000000008', 'c1000002-0000-0000-0000-000000000022', 3, '2026-01-23T08:52:00Z'),
  ('f0000000-0000-0000-0000-000000000008', 'c1000002-0000-0000-0000-000000000023', 4, '2026-01-23T08:54:00Z'),
  ('f0000000-0000-0000-0000-000000000008', 'c1000002-0000-0000-0000-000000000024', 3, '2026-01-23T08:56:00Z'),
  ('f0000000-0000-0000-0000-000000000008', 'c1000002-0000-0000-0000-000000000025', 4, '2026-01-23T08:58:00Z'),
  ('f0000000-0000-0000-0000-000000000008', 'c1000002-0000-0000-0000-000000000026', 5, '2026-01-23T09:00:00Z'),
  ('f0000000-0000-0000-0000-000000000008', 'c1000002-0000-0000-0000-000000000027', 4, '2026-01-23T09:02:00Z'),
  ('f0000000-0000-0000-0000-000000000008', 'c1000002-0000-0000-0000-000000000028', 2, '2026-01-23T09:04:00Z'),
  ('f0000000-0000-0000-0000-000000000008', 'c1000002-0000-0000-0000-000000000029', 2, '2026-01-23T09:06:00Z'),
  ('f0000000-0000-0000-0000-000000000008', 'c1000002-0000-0000-0000-000000000030', 4, '2026-01-23T09:08:00Z'),
  ('f0000000-0000-0000-0000-000000000008', 'c1000002-0000-0000-0000-000000000031', 3, '2026-01-23T09:10:00Z'),
  ('f0000000-0000-0000-0000-000000000008', 'c1000002-0000-0000-0000-000000000032', 3, '2026-01-23T09:12:00Z'),
  ('f0000000-0000-0000-0000-000000000008', 'c1000002-0000-0000-0000-000000000033', 1, '2026-01-23T09:14:00Z'),
  ('f0000000-0000-0000-0000-000000000008', 'c1000002-0000-0000-0000-000000000034', 3, '2026-01-23T09:16:00Z'),
  ('f0000000-0000-0000-0000-000000000008', 'c1000002-0000-0000-0000-000000000035', 4, '2026-01-23T09:18:00Z'),
  ('f0000000-0000-0000-0000-000000000008', 'c1000002-0000-0000-0000-000000000036', 4, '2026-01-23T09:20:00Z'),
  ('f0000000-0000-0000-0000-000000000008', 'c1000002-0000-0000-0000-000000000037', 2, '2026-01-23T09:22:00Z'),
  ('f0000000-0000-0000-0000-000000000009', 'c1000002-0000-0000-0000-000000000001', 4, '2026-01-24T08:11:00Z'),
  ('f0000000-0000-0000-0000-000000000009', 'c1000002-0000-0000-0000-000000000002', 5, '2026-01-24T08:13:00Z'),
  ('f0000000-0000-0000-0000-000000000009', 'c1000002-0000-0000-0000-000000000003', 3, '2026-01-24T08:15:00Z'),
  ('f0000000-0000-0000-0000-000000000009', 'c1000002-0000-0000-0000-000000000004', 4, '2026-01-24T08:17:00Z'),
  ('f0000000-0000-0000-0000-000000000009', 'c1000002-0000-0000-0000-000000000005', 1, '2026-01-24T08:19:00Z'),
  ('f0000000-0000-0000-0000-000000000009', 'c1000002-0000-0000-0000-000000000006', 3, '2026-01-24T08:21:00Z'),
  ('f0000000-0000-0000-0000-000000000009', 'c1000002-0000-0000-0000-000000000007', 4, '2026-01-24T08:23:00Z'),
  ('f0000000-0000-0000-0000-000000000009', 'c1000002-0000-0000-0000-000000000008', 3, '2026-01-24T08:25:00Z'),
  ('f0000000-0000-0000-0000-000000000009', 'c1000002-0000-0000-0000-000000000009', 3, '2026-01-24T08:27:00Z'),
  ('f0000000-0000-0000-0000-000000000009', 'c1000002-0000-0000-0000-000000000010', 3, '2026-01-24T08:29:00Z'),
  ('f0000000-0000-0000-0000-000000000009', 'c1000002-0000-0000-0000-000000000011', 5, '2026-01-24T08:31:00Z'),
  ('f0000000-0000-0000-0000-000000000009', 'c1000002-0000-0000-0000-000000000012', 3, '2026-01-24T08:33:00Z'),
  ('f0000000-0000-0000-0000-000000000009', 'c1000002-0000-0000-0000-000000000013', 4, '2026-01-24T08:35:00Z'),
  ('f0000000-0000-0000-0000-000000000009', 'c1000002-0000-0000-0000-000000000014', 2, '2026-01-24T08:37:00Z'),
  ('f0000000-0000-0000-0000-000000000009', 'c1000002-0000-0000-0000-000000000015', 4, '2026-01-24T08:39:00Z'),
  ('f0000000-0000-0000-0000-000000000009', 'c1000002-0000-0000-0000-000000000016', 5, '2026-01-24T08:41:00Z'),
  ('f0000000-0000-0000-0000-000000000009', 'c1000002-0000-0000-0000-000000000017', 4, '2026-01-24T08:43:00Z'),
  ('f0000000-0000-0000-0000-000000000009', 'c1000002-0000-0000-0000-000000000018', 4, '2026-01-24T08:45:00Z'),
  ('f0000000-0000-0000-0000-000000000009', 'c1000002-0000-0000-0000-000000000019', 4, '2026-01-24T08:47:00Z'),
  ('f0000000-0000-0000-0000-000000000009', 'c1000002-0000-0000-0000-000000000020', 1, '2026-01-24T08:49:00Z'),
  ('f0000000-0000-0000-0000-000000000009', 'c1000002-0000-0000-0000-000000000021', 3, '2026-01-24T08:51:00Z'),
  ('f0000000-0000-0000-0000-000000000009', 'c1000002-0000-0000-0000-000000000022', 4, '2026-01-24T08:53:00Z'),
  ('f0000000-0000-0000-0000-000000000009', 'c1000002-0000-0000-0000-000000000023', 3, '2026-01-24T08:55:00Z'),
  ('f0000000-0000-0000-0000-000000000009', 'c1000002-0000-0000-0000-000000000024', 2, '2026-01-24T08:57:00Z'),
  ('f0000000-0000-0000-0000-000000000009', 'c1000002-0000-0000-0000-000000000025', 4, '2026-01-24T08:59:00Z'),
  ('f0000000-0000-0000-0000-000000000009', 'c1000002-0000-0000-0000-000000000026', 4, '2026-01-24T09:01:00Z'),
  ('f0000000-0000-0000-0000-000000000009', 'c1000002-0000-0000-0000-000000000027', 5, '2026-01-24T09:03:00Z'),
  ('f0000000-0000-0000-0000-000000000009', 'c1000002-0000-0000-0000-000000000028', 2, '2026-01-24T09:05:00Z'),
  ('f0000000-0000-0000-0000-000000000009', 'c1000002-0000-0000-0000-000000000029', 2, '2026-01-24T09:07:00Z'),
  ('f0000000-0000-0000-0000-000000000009', 'c1000002-0000-0000-0000-000000000030', 4, '2026-01-24T09:09:00Z'),
  ('f0000000-0000-0000-0000-000000000009', 'c1000002-0000-0000-0000-000000000031', 3, '2026-01-24T09:11:00Z'),
  ('f0000000-0000-0000-0000-000000000009', 'c1000002-0000-0000-0000-000000000032', 4, '2026-01-24T09:13:00Z'),
  ('f0000000-0000-0000-0000-000000000009', 'c1000002-0000-0000-0000-000000000033', 2, '2026-01-24T09:15:00Z'),
  ('f0000000-0000-0000-0000-000000000009', 'c1000002-0000-0000-0000-000000000034', 4, '2026-01-24T09:17:00Z'),
  ('f0000000-0000-0000-0000-000000000009', 'c1000002-0000-0000-0000-000000000035', 3, '2026-01-24T09:19:00Z'),
  ('f0000000-0000-0000-0000-000000000009', 'c1000002-0000-0000-0000-000000000036', 4, '2026-01-24T09:21:00Z'),
  ('f0000000-0000-0000-0000-000000000009', 'c1000002-0000-0000-0000-000000000037', 1, '2026-01-24T09:23:00Z'),
  ('f0000000-0000-0000-0000-000000000010', 'c1000002-0000-0000-0000-000000000001', 5, '2026-01-25T08:12:00Z'),
  ('f0000000-0000-0000-0000-000000000010', 'c1000002-0000-0000-0000-000000000002', 4, '2026-01-25T08:14:00Z'),
  ('f0000000-0000-0000-0000-000000000010', 'c1000002-0000-0000-0000-000000000003', 4, '2026-01-25T08:16:00Z'),
  ('f0000000-0000-0000-0000-000000000010', 'c1000002-0000-0000-0000-000000000004', 5, '2026-01-25T08:18:00Z'),
  ('f0000000-0000-0000-0000-000000000010', 'c1000002-0000-0000-0000-000000000005', 2, '2026-01-25T08:20:00Z'),
  ('f0000000-0000-0000-0000-000000000010', 'c1000002-0000-0000-0000-000000000006', 4, '2026-01-25T08:22:00Z'),
  ('f0000000-0000-0000-0000-000000000010', 'c1000002-0000-0000-0000-000000000007', 5, '2026-01-25T08:24:00Z'),
  ('f0000000-0000-0000-0000-000000000010', 'c1000002-0000-0000-0000-000000000008', 4, '2026-01-25T08:26:00Z'),
  ('f0000000-0000-0000-0000-000000000010', 'c1000002-0000-0000-0000-000000000009', 3, '2026-01-25T08:28:00Z'),
  ('f0000000-0000-0000-0000-000000000010', 'c1000002-0000-0000-0000-000000000010', 2, '2026-01-25T08:30:00Z'),
  ('f0000000-0000-0000-0000-000000000010', 'c1000002-0000-0000-0000-000000000011', 5, '2026-01-25T08:32:00Z'),
  ('f0000000-0000-0000-0000-000000000010', 'c1000002-0000-0000-0000-000000000012', 4, '2026-01-25T08:34:00Z'),
  ('f0000000-0000-0000-0000-000000000010', 'c1000002-0000-0000-0000-000000000013', 4, '2026-01-25T08:36:00Z'),
  ('f0000000-0000-0000-0000-000000000010', 'c1000002-0000-0000-0000-000000000014', 2, '2026-01-25T08:38:00Z'),
  ('f0000000-0000-0000-0000-000000000010', 'c1000002-0000-0000-0000-000000000015', 4, '2026-01-25T08:40:00Z'),
  ('f0000000-0000-0000-0000-000000000010', 'c1000002-0000-0000-0000-000000000016', 5, '2026-01-25T08:42:00Z'),
  ('f0000000-0000-0000-0000-000000000010', 'c1000002-0000-0000-0000-000000000017', 5, '2026-01-25T08:44:00Z'),
  ('f0000000-0000-0000-0000-000000000010', 'c1000002-0000-0000-0000-000000000018', 5, '2026-01-25T08:46:00Z'),
  ('f0000000-0000-0000-0000-000000000010', 'c1000002-0000-0000-0000-000000000019', 4, '2026-01-25T08:48:00Z'),
  ('f0000000-0000-0000-0000-000000000010', 'c1000002-0000-0000-0000-000000000020', 3, '2026-01-25T08:50:00Z'),
  ('f0000000-0000-0000-0000-000000000010', 'c1000002-0000-0000-0000-000000000021', 5, '2026-01-25T08:52:00Z'),
  ('f0000000-0000-0000-0000-000000000010', 'c1000002-0000-0000-0000-000000000022', 4, '2026-01-25T08:54:00Z'),
  ('f0000000-0000-0000-0000-000000000010', 'c1000002-0000-0000-0000-000000000023', 4, '2026-01-25T08:56:00Z'),
  ('f0000000-0000-0000-0000-000000000010', 'c1000002-0000-0000-0000-000000000024', 2, '2026-01-25T08:58:00Z'),
  ('f0000000-0000-0000-0000-000000000010', 'c1000002-0000-0000-0000-000000000025', 4, '2026-01-25T09:00:00Z'),
  ('f0000000-0000-0000-0000-000000000010', 'c1000002-0000-0000-0000-000000000026', 5, '2026-01-25T09:02:00Z'),
  ('f0000000-0000-0000-0000-000000000010', 'c1000002-0000-0000-0000-000000000027', 5, '2026-01-25T09:04:00Z'),
  ('f0000000-0000-0000-0000-000000000010', 'c1000002-0000-0000-0000-000000000028', 2, '2026-01-25T09:06:00Z'),
  ('f0000000-0000-0000-0000-000000000010', 'c1000002-0000-0000-0000-000000000029', 2, '2026-01-25T09:08:00Z'),
  ('f0000000-0000-0000-0000-000000000010', 'c1000002-0000-0000-0000-000000000030', 4, '2026-01-25T09:10:00Z'),
  ('f0000000-0000-0000-0000-000000000010', 'c1000002-0000-0000-0000-000000000031', 4, '2026-01-25T09:12:00Z'),
  ('f0000000-0000-0000-0000-000000000010', 'c1000002-0000-0000-0000-000000000032', 4, '2026-01-25T09:14:00Z'),
  ('f0000000-0000-0000-0000-000000000010', 'c1000002-0000-0000-0000-000000000033', 2, '2026-01-25T09:16:00Z'),
  ('f0000000-0000-0000-0000-000000000010', 'c1000002-0000-0000-0000-000000000034', 3, '2026-01-25T09:18:00Z'),
  ('f0000000-0000-0000-0000-000000000010', 'c1000002-0000-0000-0000-000000000035', 4, '2026-01-25T09:20:00Z'),
  ('f0000000-0000-0000-0000-000000000010', 'c1000002-0000-0000-0000-000000000036', 3, '2026-01-25T09:22:00Z'),
  ('f0000000-0000-0000-0000-000000000010', 'c1000002-0000-0000-0000-000000000037', 1, '2026-01-25T09:24:00Z'),
  ('f0000000-0000-0000-0000-000000000011', 'c1000002-0000-0000-0000-000000000001', 4, '2026-01-26T08:13:00Z'),
  ('f0000000-0000-0000-0000-000000000011', 'c1000002-0000-0000-0000-000000000002', 5, '2026-01-26T08:15:00Z'),
  ('f0000000-0000-0000-0000-000000000011', 'c1000002-0000-0000-0000-000000000003', 5, '2026-01-26T08:17:00Z'),
  ('f0000000-0000-0000-0000-000000000011', 'c1000002-0000-0000-0000-000000000004', 5, '2026-01-26T08:19:00Z'),
  ('f0000000-0000-0000-0000-000000000011', 'c1000002-0000-0000-0000-000000000005', 1, '2026-01-26T08:21:00Z'),
  ('f0000000-0000-0000-0000-000000000011', 'c1000002-0000-0000-0000-000000000006', 3, '2026-01-26T08:23:00Z'),
  ('f0000000-0000-0000-0000-000000000011', 'c1000002-0000-0000-0000-000000000007', 3, '2026-01-26T08:25:00Z'),
  ('f0000000-0000-0000-0000-000000000011', 'c1000002-0000-0000-0000-000000000008', 4, '2026-01-26T08:27:00Z'),
  ('f0000000-0000-0000-0000-000000000011', 'c1000002-0000-0000-0000-000000000009', 3, '2026-01-26T08:29:00Z'),
  ('f0000000-0000-0000-0000-000000000011', 'c1000002-0000-0000-0000-000000000010', 3, '2026-01-26T08:31:00Z'),
  ('f0000000-0000-0000-0000-000000000011', 'c1000002-0000-0000-0000-000000000011', 4, '2026-01-26T08:33:00Z'),
  ('f0000000-0000-0000-0000-000000000011', 'c1000002-0000-0000-0000-000000000012', 5, '2026-01-26T08:35:00Z'),
  ('f0000000-0000-0000-0000-000000000011', 'c1000002-0000-0000-0000-000000000013', 5, '2026-01-26T08:37:00Z'),
  ('f0000000-0000-0000-0000-000000000011', 'c1000002-0000-0000-0000-000000000014', 1, '2026-01-26T08:39:00Z'),
  ('f0000000-0000-0000-0000-000000000011', 'c1000002-0000-0000-0000-000000000015', 4, '2026-01-26T08:41:00Z'),
  ('f0000000-0000-0000-0000-000000000011', 'c1000002-0000-0000-0000-000000000016', 3, '2026-01-26T08:43:00Z'),
  ('f0000000-0000-0000-0000-000000000011', 'c1000002-0000-0000-0000-000000000017', 4, '2026-01-26T08:45:00Z'),
  ('f0000000-0000-0000-0000-000000000011', 'c1000002-0000-0000-0000-000000000018', 3, '2026-01-26T08:47:00Z'),
  ('f0000000-0000-0000-0000-000000000011', 'c1000002-0000-0000-0000-000000000019', 4, '2026-01-26T08:49:00Z'),
  ('f0000000-0000-0000-0000-000000000011', 'c1000002-0000-0000-0000-000000000020', 1, '2026-01-26T08:51:00Z'),
  ('f0000000-0000-0000-0000-000000000011', 'c1000002-0000-0000-0000-000000000021', 3, '2026-01-26T08:53:00Z'),
  ('f0000000-0000-0000-0000-000000000011', 'c1000002-0000-0000-0000-000000000022', 4, '2026-01-26T08:55:00Z'),
  ('f0000000-0000-0000-0000-000000000011', 'c1000002-0000-0000-0000-000000000023', 3, '2026-01-26T08:57:00Z'),
  ('f0000000-0000-0000-0000-000000000011', 'c1000002-0000-0000-0000-000000000024', 2, '2026-01-26T08:59:00Z'),
  ('f0000000-0000-0000-0000-000000000011', 'c1000002-0000-0000-0000-000000000025', 4, '2026-01-26T09:01:00Z'),
  ('f0000000-0000-0000-0000-000000000011', 'c1000002-0000-0000-0000-000000000026', 3, '2026-01-26T09:03:00Z'),
  ('f0000000-0000-0000-0000-000000000011', 'c1000002-0000-0000-0000-000000000027', 4, '2026-01-26T09:05:00Z'),
  ('f0000000-0000-0000-0000-000000000011', 'c1000002-0000-0000-0000-000000000028', 2, '2026-01-26T09:07:00Z'),
  ('f0000000-0000-0000-0000-000000000011', 'c1000002-0000-0000-0000-000000000029', 2, '2026-01-26T09:09:00Z'),
  ('f0000000-0000-0000-0000-000000000011', 'c1000002-0000-0000-0000-000000000030', 5, '2026-01-26T09:11:00Z'),
  ('f0000000-0000-0000-0000-000000000011', 'c1000002-0000-0000-0000-000000000031', 3, '2026-01-26T09:13:00Z'),
  ('f0000000-0000-0000-0000-000000000011', 'c1000002-0000-0000-0000-000000000032', 3, '2026-01-26T09:15:00Z'),
  ('f0000000-0000-0000-0000-000000000011', 'c1000002-0000-0000-0000-000000000033', 1, '2026-01-26T09:17:00Z'),
  ('f0000000-0000-0000-0000-000000000011', 'c1000002-0000-0000-0000-000000000034', 4, '2026-01-26T09:19:00Z'),
  ('f0000000-0000-0000-0000-000000000011', 'c1000002-0000-0000-0000-000000000035', 3, '2026-01-26T09:21:00Z'),
  ('f0000000-0000-0000-0000-000000000011', 'c1000002-0000-0000-0000-000000000036', 3, '2026-01-26T09:23:00Z'),
  ('f0000000-0000-0000-0000-000000000011', 'c1000002-0000-0000-0000-000000000037', 3, '2026-01-26T09:25:00Z'),
  ('f0000000-0000-0000-0000-000000000012', 'c1000002-0000-0000-0000-000000000001', 5, '2026-01-27T08:14:00Z'),
  ('f0000000-0000-0000-0000-000000000012', 'c1000002-0000-0000-0000-000000000002', 5, '2026-01-27T08:16:00Z'),
  ('f0000000-0000-0000-0000-000000000012', 'c1000002-0000-0000-0000-000000000003', 4, '2026-01-27T08:18:00Z'),
  ('f0000000-0000-0000-0000-000000000012', 'c1000002-0000-0000-0000-000000000004', 5, '2026-01-27T08:20:00Z'),
  ('f0000000-0000-0000-0000-000000000012', 'c1000002-0000-0000-0000-000000000005', 1, '2026-01-27T08:22:00Z'),
  ('f0000000-0000-0000-0000-000000000012', 'c1000002-0000-0000-0000-000000000006', 4, '2026-01-27T08:24:00Z'),
  ('f0000000-0000-0000-0000-000000000012', 'c1000002-0000-0000-0000-000000000007', 5, '2026-01-27T08:26:00Z'),
  ('f0000000-0000-0000-0000-000000000012', 'c1000002-0000-0000-0000-000000000008', 4, '2026-01-27T08:28:00Z'),
  ('f0000000-0000-0000-0000-000000000012', 'c1000002-0000-0000-0000-000000000009', 3, '2026-01-27T08:30:00Z'),
  ('f0000000-0000-0000-0000-000000000012', 'c1000002-0000-0000-0000-000000000010', 3, '2026-01-27T08:32:00Z'),
  ('f0000000-0000-0000-0000-000000000012', 'c1000002-0000-0000-0000-000000000011', 5, '2026-01-27T08:34:00Z'),
  ('f0000000-0000-0000-0000-000000000012', 'c1000002-0000-0000-0000-000000000012', 4, '2026-01-27T08:36:00Z'),
  ('f0000000-0000-0000-0000-000000000012', 'c1000002-0000-0000-0000-000000000013', 4, '2026-01-27T08:38:00Z'),
  ('f0000000-0000-0000-0000-000000000012', 'c1000002-0000-0000-0000-000000000014', 3, '2026-01-27T08:40:00Z'),
  ('f0000000-0000-0000-0000-000000000012', 'c1000002-0000-0000-0000-000000000015', 4, '2026-01-27T08:42:00Z'),
  ('f0000000-0000-0000-0000-000000000012', 'c1000002-0000-0000-0000-000000000016', 4, '2026-01-27T08:44:00Z'),
  ('f0000000-0000-0000-0000-000000000012', 'c1000002-0000-0000-0000-000000000017', 5, '2026-01-27T08:46:00Z'),
  ('f0000000-0000-0000-0000-000000000012', 'c1000002-0000-0000-0000-000000000018', 5, '2026-01-27T08:48:00Z'),
  ('f0000000-0000-0000-0000-000000000012', 'c1000002-0000-0000-0000-000000000019', 4, '2026-01-27T08:50:00Z'),
  ('f0000000-0000-0000-0000-000000000012', 'c1000002-0000-0000-0000-000000000020', 3, '2026-01-27T08:52:00Z'),
  ('f0000000-0000-0000-0000-000000000012', 'c1000002-0000-0000-0000-000000000021', 3, '2026-01-27T08:54:00Z'),
  ('f0000000-0000-0000-0000-000000000012', 'c1000002-0000-0000-0000-000000000022', 3, '2026-01-27T08:56:00Z'),
  ('f0000000-0000-0000-0000-000000000012', 'c1000002-0000-0000-0000-000000000023', 4, '2026-01-27T08:58:00Z'),
  ('f0000000-0000-0000-0000-000000000012', 'c1000002-0000-0000-0000-000000000024', 3, '2026-01-27T09:00:00Z'),
  ('f0000000-0000-0000-0000-000000000012', 'c1000002-0000-0000-0000-000000000025', 4, '2026-01-27T09:02:00Z'),
  ('f0000000-0000-0000-0000-000000000012', 'c1000002-0000-0000-0000-000000000026', 5, '2026-01-27T09:04:00Z'),
  ('f0000000-0000-0000-0000-000000000012', 'c1000002-0000-0000-0000-000000000027', 4, '2026-01-27T09:06:00Z'),
  ('f0000000-0000-0000-0000-000000000012', 'c1000002-0000-0000-0000-000000000028', 1, '2026-01-27T09:08:00Z'),
  ('f0000000-0000-0000-0000-000000000012', 'c1000002-0000-0000-0000-000000000029', 2, '2026-01-27T09:10:00Z'),
  ('f0000000-0000-0000-0000-000000000012', 'c1000002-0000-0000-0000-000000000030', 5, '2026-01-27T09:12:00Z'),
  ('f0000000-0000-0000-0000-000000000012', 'c1000002-0000-0000-0000-000000000031', 4, '2026-01-27T09:14:00Z'),
  ('f0000000-0000-0000-0000-000000000012', 'c1000002-0000-0000-0000-000000000032', 4, '2026-01-27T09:16:00Z'),
  ('f0000000-0000-0000-0000-000000000012', 'c1000002-0000-0000-0000-000000000033', 2, '2026-01-27T09:18:00Z'),
  ('f0000000-0000-0000-0000-000000000012', 'c1000002-0000-0000-0000-000000000034', 5, '2026-01-27T09:20:00Z'),
  ('f0000000-0000-0000-0000-000000000012', 'c1000002-0000-0000-0000-000000000035', 4, '2026-01-27T09:22:00Z'),
  ('f0000000-0000-0000-0000-000000000012', 'c1000002-0000-0000-0000-000000000036', 5, '2026-01-27T09:24:00Z'),
  ('f0000000-0000-0000-0000-000000000012', 'c1000002-0000-0000-0000-000000000037', 1, '2026-01-27T09:26:00Z'),
  ('f0000000-0000-0000-0000-000000000013', 'c1000002-0000-0000-0000-000000000001', 5, '2026-01-28T08:15:00Z'),
  ('f0000000-0000-0000-0000-000000000013', 'c1000002-0000-0000-0000-000000000002', 5, '2026-01-28T08:17:00Z'),
  ('f0000000-0000-0000-0000-000000000013', 'c1000002-0000-0000-0000-000000000003', 4, '2026-01-28T08:19:00Z'),
  ('f0000000-0000-0000-0000-000000000013', 'c1000002-0000-0000-0000-000000000004', 4, '2026-01-28T08:21:00Z'),
  ('f0000000-0000-0000-0000-000000000013', 'c1000002-0000-0000-0000-000000000005', 1, '2026-01-28T08:23:00Z'),
  ('f0000000-0000-0000-0000-000000000013', 'c1000002-0000-0000-0000-000000000006', 4, '2026-01-28T08:25:00Z'),
  ('f0000000-0000-0000-0000-000000000013', 'c1000002-0000-0000-0000-000000000007', 4, '2026-01-28T08:27:00Z'),
  ('f0000000-0000-0000-0000-000000000013', 'c1000002-0000-0000-0000-000000000008', 3, '2026-01-28T08:29:00Z'),
  ('f0000000-0000-0000-0000-000000000013', 'c1000002-0000-0000-0000-000000000009', 4, '2026-01-28T08:31:00Z'),
  ('f0000000-0000-0000-0000-000000000013', 'c1000002-0000-0000-0000-000000000010', 2, '2026-01-28T08:33:00Z'),
  ('f0000000-0000-0000-0000-000000000013', 'c1000002-0000-0000-0000-000000000011', 4, '2026-01-28T08:35:00Z'),
  ('f0000000-0000-0000-0000-000000000013', 'c1000002-0000-0000-0000-000000000012', 5, '2026-01-28T08:37:00Z'),
  ('f0000000-0000-0000-0000-000000000013', 'c1000002-0000-0000-0000-000000000013', 4, '2026-01-28T08:39:00Z'),
  ('f0000000-0000-0000-0000-000000000013', 'c1000002-0000-0000-0000-000000000014', 1, '2026-01-28T08:41:00Z'),
  ('f0000000-0000-0000-0000-000000000013', 'c1000002-0000-0000-0000-000000000015', 4, '2026-01-28T08:43:00Z'),
  ('f0000000-0000-0000-0000-000000000013', 'c1000002-0000-0000-0000-000000000016', 5, '2026-01-28T08:45:00Z'),
  ('f0000000-0000-0000-0000-000000000013', 'c1000002-0000-0000-0000-000000000017', 3, '2026-01-28T08:47:00Z'),
  ('f0000000-0000-0000-0000-000000000013', 'c1000002-0000-0000-0000-000000000018', 3, '2026-01-28T08:49:00Z'),
  ('f0000000-0000-0000-0000-000000000013', 'c1000002-0000-0000-0000-000000000019', 5, '2026-01-28T08:51:00Z'),
  ('f0000000-0000-0000-0000-000000000013', 'c1000002-0000-0000-0000-000000000020', 1, '2026-01-28T08:53:00Z'),
  ('f0000000-0000-0000-0000-000000000013', 'c1000002-0000-0000-0000-000000000021', 4, '2026-01-28T08:55:00Z'),
  ('f0000000-0000-0000-0000-000000000013', 'c1000002-0000-0000-0000-000000000022', 4, '2026-01-28T08:57:00Z'),
  ('f0000000-0000-0000-0000-000000000013', 'c1000002-0000-0000-0000-000000000023', 4, '2026-01-28T08:59:00Z'),
  ('f0000000-0000-0000-0000-000000000013', 'c1000002-0000-0000-0000-000000000024', 2, '2026-01-28T09:01:00Z'),
  ('f0000000-0000-0000-0000-000000000013', 'c1000002-0000-0000-0000-000000000025', 4, '2026-01-28T09:03:00Z'),
  ('f0000000-0000-0000-0000-000000000013', 'c1000002-0000-0000-0000-000000000026', 3, '2026-01-28T09:05:00Z'),
  ('f0000000-0000-0000-0000-000000000013', 'c1000002-0000-0000-0000-000000000027', 5, '2026-01-28T09:07:00Z'),
  ('f0000000-0000-0000-0000-000000000013', 'c1000002-0000-0000-0000-000000000028', 3, '2026-01-28T09:09:00Z'),
  ('f0000000-0000-0000-0000-000000000013', 'c1000002-0000-0000-0000-000000000029', 2, '2026-01-28T09:11:00Z'),
  ('f0000000-0000-0000-0000-000000000013', 'c1000002-0000-0000-0000-000000000030', 4, '2026-01-28T09:13:00Z'),
  ('f0000000-0000-0000-0000-000000000013', 'c1000002-0000-0000-0000-000000000031', 3, '2026-01-28T09:15:00Z'),
  ('f0000000-0000-0000-0000-000000000013', 'c1000002-0000-0000-0000-000000000032', 4, '2026-01-28T09:17:00Z'),
  ('f0000000-0000-0000-0000-000000000013', 'c1000002-0000-0000-0000-000000000033', 3, '2026-01-28T09:19:00Z'),
  ('f0000000-0000-0000-0000-000000000013', 'c1000002-0000-0000-0000-000000000034', 4, '2026-01-28T09:21:00Z'),
  ('f0000000-0000-0000-0000-000000000013', 'c1000002-0000-0000-0000-000000000035', 4, '2026-01-28T09:23:00Z'),
  ('f0000000-0000-0000-0000-000000000013', 'c1000002-0000-0000-0000-000000000036', 4, '2026-01-28T09:25:00Z'),
  ('f0000000-0000-0000-0000-000000000013', 'c1000002-0000-0000-0000-000000000037', 2, '2026-01-28T09:27:00Z'),
  ('f0000000-0000-0000-0000-000000000014', 'c1000002-0000-0000-0000-000000000001', 3, '2026-01-15T08:16:00Z'),
  ('f0000000-0000-0000-0000-000000000014', 'c1000002-0000-0000-0000-000000000002', 5, '2026-01-15T08:18:00Z'),
  ('f0000000-0000-0000-0000-000000000014', 'c1000002-0000-0000-0000-000000000003', 4, '2026-01-15T08:20:00Z'),
  ('f0000000-0000-0000-0000-000000000014', 'c1000002-0000-0000-0000-000000000004', 4, '2026-01-15T08:22:00Z'),
  ('f0000000-0000-0000-0000-000000000014', 'c1000002-0000-0000-0000-000000000005', 1, '2026-01-15T08:24:00Z'),
  ('f0000000-0000-0000-0000-000000000014', 'c1000002-0000-0000-0000-000000000006', 3, '2026-01-15T08:26:00Z'),
  ('f0000000-0000-0000-0000-000000000014', 'c1000002-0000-0000-0000-000000000007', 3, '2026-01-15T08:28:00Z'),
  ('f0000000-0000-0000-0000-000000000014', 'c1000002-0000-0000-0000-000000000008', 4, '2026-01-15T08:30:00Z'),
  ('f0000000-0000-0000-0000-000000000014', 'c1000002-0000-0000-0000-000000000009', 3, '2026-01-15T08:32:00Z'),
  ('f0000000-0000-0000-0000-000000000014', 'c1000002-0000-0000-0000-000000000010', 3, '2026-01-15T08:34:00Z'),
  ('f0000000-0000-0000-0000-000000000014', 'c1000002-0000-0000-0000-000000000011', 5, '2026-01-15T08:36:00Z'),
  ('f0000000-0000-0000-0000-000000000014', 'c1000002-0000-0000-0000-000000000012', 4, '2026-01-15T08:38:00Z'),
  ('f0000000-0000-0000-0000-000000000014', 'c1000002-0000-0000-0000-000000000013', 5, '2026-01-15T08:40:00Z'),
  ('f0000000-0000-0000-0000-000000000014', 'c1000002-0000-0000-0000-000000000014', 1, '2026-01-15T08:42:00Z'),
  ('f0000000-0000-0000-0000-000000000014', 'c1000002-0000-0000-0000-000000000015', 4, '2026-01-15T08:44:00Z'),
  ('f0000000-0000-0000-0000-000000000014', 'c1000002-0000-0000-0000-000000000016', 4, '2026-01-15T08:46:00Z'),
  ('f0000000-0000-0000-0000-000000000014', 'c1000002-0000-0000-0000-000000000017', 4, '2026-01-15T08:48:00Z'),
  ('f0000000-0000-0000-0000-000000000014', 'c1000002-0000-0000-0000-000000000018', 4, '2026-01-15T08:50:00Z'),
  ('f0000000-0000-0000-0000-000000000014', 'c1000002-0000-0000-0000-000000000019', 4, '2026-01-15T08:52:00Z'),
  ('f0000000-0000-0000-0000-000000000014', 'c1000002-0000-0000-0000-000000000020', 2, '2026-01-15T08:54:00Z'),
  ('f0000000-0000-0000-0000-000000000014', 'c1000002-0000-0000-0000-000000000021', 3, '2026-01-15T08:56:00Z'),
  ('f0000000-0000-0000-0000-000000000014', 'c1000002-0000-0000-0000-000000000022', 4, '2026-01-15T08:58:00Z'),
  ('f0000000-0000-0000-0000-000000000014', 'c1000002-0000-0000-0000-000000000023', 2, '2026-01-15T09:00:00Z'),
  ('f0000000-0000-0000-0000-000000000014', 'c1000002-0000-0000-0000-000000000024', 3, '2026-01-15T09:02:00Z'),
  ('f0000000-0000-0000-0000-000000000014', 'c1000002-0000-0000-0000-000000000025', 3, '2026-01-15T09:04:00Z'),
  ('f0000000-0000-0000-0000-000000000014', 'c1000002-0000-0000-0000-000000000026', 4, '2026-01-15T09:06:00Z'),
  ('f0000000-0000-0000-0000-000000000014', 'c1000002-0000-0000-0000-000000000027', 3, '2026-01-15T09:08:00Z'),
  ('f0000000-0000-0000-0000-000000000014', 'c1000002-0000-0000-0000-000000000028', 1, '2026-01-15T09:10:00Z'),
  ('f0000000-0000-0000-0000-000000000014', 'c1000002-0000-0000-0000-000000000029', 2, '2026-01-15T09:12:00Z'),
  ('f0000000-0000-0000-0000-000000000014', 'c1000002-0000-0000-0000-000000000030', 4, '2026-01-15T09:14:00Z'),
  ('f0000000-0000-0000-0000-000000000014', 'c1000002-0000-0000-0000-000000000031', 5, '2026-01-15T09:16:00Z'),
  ('f0000000-0000-0000-0000-000000000014', 'c1000002-0000-0000-0000-000000000032', 3, '2026-01-15T09:18:00Z'),
  ('f0000000-0000-0000-0000-000000000014', 'c1000002-0000-0000-0000-000000000033', 2, '2026-01-15T09:20:00Z'),
  ('f0000000-0000-0000-0000-000000000014', 'c1000002-0000-0000-0000-000000000034', 5, '2026-01-15T09:22:00Z'),
  ('f0000000-0000-0000-0000-000000000014', 'c1000002-0000-0000-0000-000000000035', 4, '2026-01-15T09:24:00Z'),
  ('f0000000-0000-0000-0000-000000000014', 'c1000002-0000-0000-0000-000000000036', 3, '2026-01-15T09:26:00Z'),
  ('f0000000-0000-0000-0000-000000000014', 'c1000002-0000-0000-0000-000000000037', 2, '2026-01-15T09:28:00Z'),
  ('f0000000-0000-0000-0000-000000000015', 'c1000002-0000-0000-0000-000000000001', 5, '2026-01-16T08:17:00Z'),
  ('f0000000-0000-0000-0000-000000000015', 'c1000002-0000-0000-0000-000000000002', 5, '2026-01-16T08:19:00Z'),
  ('f0000000-0000-0000-0000-000000000015', 'c1000002-0000-0000-0000-000000000003', 5, '2026-01-16T08:21:00Z'),
  ('f0000000-0000-0000-0000-000000000015', 'c1000002-0000-0000-0000-000000000004', 5, '2026-01-16T08:23:00Z'),
  ('f0000000-0000-0000-0000-000000000015', 'c1000002-0000-0000-0000-000000000005', 1, '2026-01-16T08:25:00Z'),
  ('f0000000-0000-0000-0000-000000000015', 'c1000002-0000-0000-0000-000000000006', 4, '2026-01-16T08:27:00Z'),
  ('f0000000-0000-0000-0000-000000000015', 'c1000002-0000-0000-0000-000000000007', 4, '2026-01-16T08:29:00Z'),
  ('f0000000-0000-0000-0000-000000000015', 'c1000002-0000-0000-0000-000000000008', 5, '2026-01-16T08:31:00Z'),
  ('f0000000-0000-0000-0000-000000000015', 'c1000002-0000-0000-0000-000000000009', 5, '2026-01-16T08:33:00Z'),
  ('f0000000-0000-0000-0000-000000000015', 'c1000002-0000-0000-0000-000000000010', 3, '2026-01-16T08:35:00Z'),
  ('f0000000-0000-0000-0000-000000000015', 'c1000002-0000-0000-0000-000000000011', 4, '2026-01-16T08:37:00Z'),
  ('f0000000-0000-0000-0000-000000000015', 'c1000002-0000-0000-0000-000000000012', 5, '2026-01-16T08:39:00Z'),
  ('f0000000-0000-0000-0000-000000000015', 'c1000002-0000-0000-0000-000000000013', 4, '2026-01-16T08:41:00Z'),
  ('f0000000-0000-0000-0000-000000000015', 'c1000002-0000-0000-0000-000000000014', 2, '2026-01-16T08:43:00Z'),
  ('f0000000-0000-0000-0000-000000000015', 'c1000002-0000-0000-0000-000000000015', 4, '2026-01-16T08:45:00Z'),
  ('f0000000-0000-0000-0000-000000000015', 'c1000002-0000-0000-0000-000000000016', 4, '2026-01-16T08:47:00Z'),
  ('f0000000-0000-0000-0000-000000000015', 'c1000002-0000-0000-0000-000000000017', 5, '2026-01-16T08:49:00Z'),
  ('f0000000-0000-0000-0000-000000000015', 'c1000002-0000-0000-0000-000000000018', 4, '2026-01-16T08:51:00Z'),
  ('f0000000-0000-0000-0000-000000000015', 'c1000002-0000-0000-0000-000000000019', 5, '2026-01-16T08:53:00Z'),
  ('f0000000-0000-0000-0000-000000000015', 'c1000002-0000-0000-0000-000000000020', 3, '2026-01-16T08:55:00Z'),
  ('f0000000-0000-0000-0000-000000000015', 'c1000002-0000-0000-0000-000000000021', 4, '2026-01-16T08:57:00Z'),
  ('f0000000-0000-0000-0000-000000000015', 'c1000002-0000-0000-0000-000000000022', 5, '2026-01-16T08:59:00Z'),
  ('f0000000-0000-0000-0000-000000000015', 'c1000002-0000-0000-0000-000000000023', 5, '2026-01-16T09:01:00Z'),
  ('f0000000-0000-0000-0000-000000000015', 'c1000002-0000-0000-0000-000000000024', 4, '2026-01-16T09:03:00Z'),
  ('f0000000-0000-0000-0000-000000000015', 'c1000002-0000-0000-0000-000000000025', 5, '2026-01-16T09:05:00Z'),
  ('f0000000-0000-0000-0000-000000000015', 'c1000002-0000-0000-0000-000000000026', 5, '2026-01-16T09:07:00Z'),
  ('f0000000-0000-0000-0000-000000000015', 'c1000002-0000-0000-0000-000000000027', 5, '2026-01-16T09:09:00Z'),
  ('f0000000-0000-0000-0000-000000000015', 'c1000002-0000-0000-0000-000000000028', 1, '2026-01-16T09:11:00Z'),
  ('f0000000-0000-0000-0000-000000000015', 'c1000002-0000-0000-0000-000000000029', 2, '2026-01-16T09:13:00Z'),
  ('f0000000-0000-0000-0000-000000000015', 'c1000002-0000-0000-0000-000000000030', 3, '2026-01-16T09:15:00Z'),
  ('f0000000-0000-0000-0000-000000000015', 'c1000002-0000-0000-0000-000000000031', 5, '2026-01-16T09:17:00Z'),
  ('f0000000-0000-0000-0000-000000000015', 'c1000002-0000-0000-0000-000000000032', 3, '2026-01-16T09:19:00Z'),
  ('f0000000-0000-0000-0000-000000000015', 'c1000002-0000-0000-0000-000000000033', 2, '2026-01-16T09:21:00Z'),
  ('f0000000-0000-0000-0000-000000000015', 'c1000002-0000-0000-0000-000000000034', 5, '2026-01-16T09:23:00Z'),
  ('f0000000-0000-0000-0000-000000000015', 'c1000002-0000-0000-0000-000000000035', 5, '2026-01-16T09:25:00Z'),
  ('f0000000-0000-0000-0000-000000000015', 'c1000002-0000-0000-0000-000000000036', 5, '2026-01-16T09:27:00Z'),
  ('f0000000-0000-0000-0000-000000000015', 'c1000002-0000-0000-0000-000000000037', 2, '2026-01-16T09:29:00Z'),
  ('f0000000-0000-0000-0000-000000000016', 'c1000002-0000-0000-0000-000000000001', 5, '2026-01-17T08:18:00Z'),
  ('f0000000-0000-0000-0000-000000000016', 'c1000002-0000-0000-0000-000000000002', 4, '2026-01-17T08:20:00Z'),
  ('f0000000-0000-0000-0000-000000000016', 'c1000002-0000-0000-0000-000000000003', 5, '2026-01-17T08:22:00Z'),
  ('f0000000-0000-0000-0000-000000000016', 'c1000002-0000-0000-0000-000000000004', 5, '2026-01-17T08:24:00Z'),
  ('f0000000-0000-0000-0000-000000000016', 'c1000002-0000-0000-0000-000000000005', 1, '2026-01-17T08:26:00Z'),
  ('f0000000-0000-0000-0000-000000000016', 'c1000002-0000-0000-0000-000000000006', 3, '2026-01-17T08:28:00Z'),
  ('f0000000-0000-0000-0000-000000000016', 'c1000002-0000-0000-0000-000000000007', 3, '2026-01-17T08:30:00Z'),
  ('f0000000-0000-0000-0000-000000000016', 'c1000002-0000-0000-0000-000000000008', 4, '2026-01-17T08:32:00Z'),
  ('f0000000-0000-0000-0000-000000000016', 'c1000002-0000-0000-0000-000000000009', 3, '2026-01-17T08:34:00Z'),
  ('f0000000-0000-0000-0000-000000000016', 'c1000002-0000-0000-0000-000000000010', 2, '2026-01-17T08:36:00Z'),
  ('f0000000-0000-0000-0000-000000000016', 'c1000002-0000-0000-0000-000000000011', 4, '2026-01-17T08:38:00Z'),
  ('f0000000-0000-0000-0000-000000000016', 'c1000002-0000-0000-0000-000000000012', 5, '2026-01-17T08:40:00Z'),
  ('f0000000-0000-0000-0000-000000000016', 'c1000002-0000-0000-0000-000000000013', 4, '2026-01-17T08:42:00Z'),
  ('f0000000-0000-0000-0000-000000000016', 'c1000002-0000-0000-0000-000000000014', 2, '2026-01-17T08:44:00Z'),
  ('f0000000-0000-0000-0000-000000000016', 'c1000002-0000-0000-0000-000000000015', 4, '2026-01-17T08:46:00Z'),
  ('f0000000-0000-0000-0000-000000000016', 'c1000002-0000-0000-0000-000000000016', 5, '2026-01-17T08:48:00Z'),
  ('f0000000-0000-0000-0000-000000000016', 'c1000002-0000-0000-0000-000000000017', 4, '2026-01-17T08:50:00Z'),
  ('f0000000-0000-0000-0000-000000000016', 'c1000002-0000-0000-0000-000000000018', 5, '2026-01-17T08:52:00Z'),
  ('f0000000-0000-0000-0000-000000000016', 'c1000002-0000-0000-0000-000000000019', 4, '2026-01-17T08:54:00Z'),
  ('f0000000-0000-0000-0000-000000000016', 'c1000002-0000-0000-0000-000000000020', 1, '2026-01-17T08:56:00Z'),
  ('f0000000-0000-0000-0000-000000000016', 'c1000002-0000-0000-0000-000000000021', 4, '2026-01-17T08:58:00Z'),
  ('f0000000-0000-0000-0000-000000000016', 'c1000002-0000-0000-0000-000000000022', 4, '2026-01-17T09:00:00Z'),
  ('f0000000-0000-0000-0000-000000000016', 'c1000002-0000-0000-0000-000000000023', 3, '2026-01-17T09:02:00Z'),
  ('f0000000-0000-0000-0000-000000000016', 'c1000002-0000-0000-0000-000000000024', 3, '2026-01-17T09:04:00Z'),
  ('f0000000-0000-0000-0000-000000000016', 'c1000002-0000-0000-0000-000000000025', 5, '2026-01-17T09:06:00Z'),
  ('f0000000-0000-0000-0000-000000000016', 'c1000002-0000-0000-0000-000000000026', 4, '2026-01-17T09:08:00Z'),
  ('f0000000-0000-0000-0000-000000000016', 'c1000002-0000-0000-0000-000000000027', 4, '2026-01-17T09:10:00Z'),
  ('f0000000-0000-0000-0000-000000000016', 'c1000002-0000-0000-0000-000000000028', 3, '2026-01-17T09:12:00Z'),
  ('f0000000-0000-0000-0000-000000000016', 'c1000002-0000-0000-0000-000000000029', 2, '2026-01-17T09:14:00Z'),
  ('f0000000-0000-0000-0000-000000000016', 'c1000002-0000-0000-0000-000000000030', 4, '2026-01-17T09:16:00Z'),
  ('f0000000-0000-0000-0000-000000000016', 'c1000002-0000-0000-0000-000000000031', 4, '2026-01-17T09:18:00Z'),
  ('f0000000-0000-0000-0000-000000000016', 'c1000002-0000-0000-0000-000000000032', 4, '2026-01-17T09:20:00Z'),
  ('f0000000-0000-0000-0000-000000000016', 'c1000002-0000-0000-0000-000000000033', 2, '2026-01-17T09:22:00Z'),
  ('f0000000-0000-0000-0000-000000000016', 'c1000002-0000-0000-0000-000000000034', 5, '2026-01-17T09:24:00Z'),
  ('f0000000-0000-0000-0000-000000000016', 'c1000002-0000-0000-0000-000000000035', 3, '2026-01-17T09:26:00Z'),
  ('f0000000-0000-0000-0000-000000000016', 'c1000002-0000-0000-0000-000000000036', 4, '2026-01-17T09:28:00Z'),
  ('f0000000-0000-0000-0000-000000000016', 'c1000002-0000-0000-0000-000000000037', 1, '2026-01-17T09:30:00Z'),
  ('f0000000-0000-0000-0000-000000000017', 'c1000002-0000-0000-0000-000000000001', 4, '2026-01-18T08:19:00Z'),
  ('f0000000-0000-0000-0000-000000000017', 'c1000002-0000-0000-0000-000000000002', 5, '2026-01-18T08:21:00Z'),
  ('f0000000-0000-0000-0000-000000000017', 'c1000002-0000-0000-0000-000000000003', 4, '2026-01-18T08:23:00Z'),
  ('f0000000-0000-0000-0000-000000000017', 'c1000002-0000-0000-0000-000000000004', 4, '2026-01-18T08:25:00Z'),
  ('f0000000-0000-0000-0000-000000000017', 'c1000002-0000-0000-0000-000000000005', 2, '2026-01-18T08:27:00Z'),
  ('f0000000-0000-0000-0000-000000000017', 'c1000002-0000-0000-0000-000000000006', 3, '2026-01-18T08:29:00Z'),
  ('f0000000-0000-0000-0000-000000000017', 'c1000002-0000-0000-0000-000000000007', 4, '2026-01-18T08:31:00Z'),
  ('f0000000-0000-0000-0000-000000000017', 'c1000002-0000-0000-0000-000000000008', 3, '2026-01-18T08:33:00Z'),
  ('f0000000-0000-0000-0000-000000000017', 'c1000002-0000-0000-0000-000000000009', 4, '2026-01-18T08:35:00Z'),
  ('f0000000-0000-0000-0000-000000000017', 'c1000002-0000-0000-0000-000000000010', 1, '2026-01-18T08:37:00Z'),
  ('f0000000-0000-0000-0000-000000000017', 'c1000002-0000-0000-0000-000000000011', 4, '2026-01-18T08:39:00Z'),
  ('f0000000-0000-0000-0000-000000000017', 'c1000002-0000-0000-0000-000000000012', 4, '2026-01-18T08:41:00Z'),
  ('f0000000-0000-0000-0000-000000000017', 'c1000002-0000-0000-0000-000000000013', 4, '2026-01-18T08:43:00Z'),
  ('f0000000-0000-0000-0000-000000000017', 'c1000002-0000-0000-0000-000000000014', 1, '2026-01-18T08:45:00Z'),
  ('f0000000-0000-0000-0000-000000000017', 'c1000002-0000-0000-0000-000000000015', 4, '2026-01-18T08:47:00Z'),
  ('f0000000-0000-0000-0000-000000000017', 'c1000002-0000-0000-0000-000000000016', 4, '2026-01-18T08:49:00Z'),
  ('f0000000-0000-0000-0000-000000000017', 'c1000002-0000-0000-0000-000000000017', 5, '2026-01-18T08:51:00Z'),
  ('f0000000-0000-0000-0000-000000000017', 'c1000002-0000-0000-0000-000000000018', 4, '2026-01-18T08:53:00Z'),
  ('f0000000-0000-0000-0000-000000000017', 'c1000002-0000-0000-0000-000000000019', 3, '2026-01-18T08:55:00Z'),
  ('f0000000-0000-0000-0000-000000000017', 'c1000002-0000-0000-0000-000000000020', 1, '2026-01-18T08:57:00Z'),
  ('f0000000-0000-0000-0000-000000000017', 'c1000002-0000-0000-0000-000000000021', 2, '2026-01-18T08:59:00Z'),
  ('f0000000-0000-0000-0000-000000000017', 'c1000002-0000-0000-0000-000000000022', 4, '2026-01-18T09:01:00Z'),
  ('f0000000-0000-0000-0000-000000000017', 'c1000002-0000-0000-0000-000000000023', 2, '2026-01-18T09:03:00Z'),
  ('f0000000-0000-0000-0000-000000000017', 'c1000002-0000-0000-0000-000000000024', 1, '2026-01-18T09:05:00Z'),
  ('f0000000-0000-0000-0000-000000000017', 'c1000002-0000-0000-0000-000000000025', 4, '2026-01-18T09:07:00Z'),
  ('f0000000-0000-0000-0000-000000000017', 'c1000002-0000-0000-0000-000000000026', 3, '2026-01-18T09:09:00Z'),
  ('f0000000-0000-0000-0000-000000000017', 'c1000002-0000-0000-0000-000000000027', 4, '2026-01-18T09:11:00Z'),
  ('f0000000-0000-0000-0000-000000000017', 'c1000002-0000-0000-0000-000000000028', 2, '2026-01-18T09:13:00Z'),
  ('f0000000-0000-0000-0000-000000000017', 'c1000002-0000-0000-0000-000000000029', 2, '2026-01-18T09:15:00Z'),
  ('f0000000-0000-0000-0000-000000000017', 'c1000002-0000-0000-0000-000000000030', 3, '2026-01-18T09:17:00Z'),
  ('f0000000-0000-0000-0000-000000000017', 'c1000002-0000-0000-0000-000000000031', 3, '2026-01-18T09:19:00Z'),
  ('f0000000-0000-0000-0000-000000000017', 'c1000002-0000-0000-0000-000000000032', 4, '2026-01-18T09:21:00Z'),
  ('f0000000-0000-0000-0000-000000000017', 'c1000002-0000-0000-0000-000000000033', 1, '2026-01-18T09:23:00Z'),
  ('f0000000-0000-0000-0000-000000000017', 'c1000002-0000-0000-0000-000000000034', 3, '2026-01-18T09:25:00Z'),
  ('f0000000-0000-0000-0000-000000000017', 'c1000002-0000-0000-0000-000000000035', 4, '2026-01-18T09:27:00Z'),
  ('f0000000-0000-0000-0000-000000000017', 'c1000002-0000-0000-0000-000000000036', 4, '2026-01-18T09:29:00Z'),
  ('f0000000-0000-0000-0000-000000000017', 'c1000002-0000-0000-0000-000000000037', 1, '2026-01-18T09:31:00Z'),
  ('f0000000-0000-0000-0000-000000000018', 'c1000002-0000-0000-0000-000000000001', 5, '2026-01-19T08:20:00Z'),
  ('f0000000-0000-0000-0000-000000000018', 'c1000002-0000-0000-0000-000000000002', 5, '2026-01-19T08:22:00Z'),
  ('f0000000-0000-0000-0000-000000000018', 'c1000002-0000-0000-0000-000000000003', 5, '2026-01-19T08:24:00Z'),
  ('f0000000-0000-0000-0000-000000000018', 'c1000002-0000-0000-0000-000000000004', 5, '2026-01-19T08:26:00Z'),
  ('f0000000-0000-0000-0000-000000000018', 'c1000002-0000-0000-0000-000000000005', 2, '2026-01-19T08:28:00Z'),
  ('f0000000-0000-0000-0000-000000000018', 'c1000002-0000-0000-0000-000000000006', 4, '2026-01-19T08:30:00Z'),
  ('f0000000-0000-0000-0000-000000000018', 'c1000002-0000-0000-0000-000000000007', 4, '2026-01-19T08:32:00Z'),
  ('f0000000-0000-0000-0000-000000000018', 'c1000002-0000-0000-0000-000000000008', 4, '2026-01-19T08:34:00Z'),
  ('f0000000-0000-0000-0000-000000000018', 'c1000002-0000-0000-0000-000000000009', 3, '2026-01-19T08:36:00Z'),
  ('f0000000-0000-0000-0000-000000000018', 'c1000002-0000-0000-0000-000000000010', 2, '2026-01-19T08:38:00Z'),
  ('f0000000-0000-0000-0000-000000000018', 'c1000002-0000-0000-0000-000000000011', 5, '2026-01-19T08:40:00Z'),
  ('f0000000-0000-0000-0000-000000000018', 'c1000002-0000-0000-0000-000000000012', 5, '2026-01-19T08:42:00Z'),
  ('f0000000-0000-0000-0000-000000000018', 'c1000002-0000-0000-0000-000000000013', 4, '2026-01-19T08:44:00Z'),
  ('f0000000-0000-0000-0000-000000000018', 'c1000002-0000-0000-0000-000000000014', 3, '2026-01-19T08:46:00Z'),
  ('f0000000-0000-0000-0000-000000000018', 'c1000002-0000-0000-0000-000000000015', 4, '2026-01-19T08:48:00Z'),
  ('f0000000-0000-0000-0000-000000000018', 'c1000002-0000-0000-0000-000000000016', 5, '2026-01-19T08:50:00Z'),
  ('f0000000-0000-0000-0000-000000000018', 'c1000002-0000-0000-0000-000000000017', 4, '2026-01-19T08:52:00Z'),
  ('f0000000-0000-0000-0000-000000000018', 'c1000002-0000-0000-0000-000000000018', 4, '2026-01-19T08:54:00Z'),
  ('f0000000-0000-0000-0000-000000000018', 'c1000002-0000-0000-0000-000000000019', 4, '2026-01-19T08:56:00Z'),
  ('f0000000-0000-0000-0000-000000000018', 'c1000002-0000-0000-0000-000000000020', 2, '2026-01-19T08:58:00Z'),
  ('f0000000-0000-0000-0000-000000000018', 'c1000002-0000-0000-0000-000000000021', 5, '2026-01-19T09:00:00Z'),
  ('f0000000-0000-0000-0000-000000000018', 'c1000002-0000-0000-0000-000000000022', 5, '2026-01-19T09:02:00Z'),
  ('f0000000-0000-0000-0000-000000000018', 'c1000002-0000-0000-0000-000000000023', 4, '2026-01-19T09:04:00Z'),
  ('f0000000-0000-0000-0000-000000000018', 'c1000002-0000-0000-0000-000000000024', 2, '2026-01-19T09:06:00Z'),
  ('f0000000-0000-0000-0000-000000000018', 'c1000002-0000-0000-0000-000000000025', 5, '2026-01-19T09:08:00Z'),
  ('f0000000-0000-0000-0000-000000000018', 'c1000002-0000-0000-0000-000000000026', 4, '2026-01-19T09:10:00Z'),
  ('f0000000-0000-0000-0000-000000000018', 'c1000002-0000-0000-0000-000000000027', 5, '2026-01-19T09:12:00Z'),
  ('f0000000-0000-0000-0000-000000000018', 'c1000002-0000-0000-0000-000000000028', 2, '2026-01-19T09:14:00Z'),
  ('f0000000-0000-0000-0000-000000000018', 'c1000002-0000-0000-0000-000000000029', 2, '2026-01-19T09:16:00Z'),
  ('f0000000-0000-0000-0000-000000000018', 'c1000002-0000-0000-0000-000000000030', 3, '2026-01-19T09:18:00Z'),
  ('f0000000-0000-0000-0000-000000000018', 'c1000002-0000-0000-0000-000000000031', 4, '2026-01-19T09:20:00Z'),
  ('f0000000-0000-0000-0000-000000000018', 'c1000002-0000-0000-0000-000000000032', 5, '2026-01-19T09:22:00Z'),
  ('f0000000-0000-0000-0000-000000000018', 'c1000002-0000-0000-0000-000000000033', 2, '2026-01-19T09:24:00Z'),
  ('f0000000-0000-0000-0000-000000000018', 'c1000002-0000-0000-0000-000000000034', 5, '2026-01-19T09:26:00Z'),
  ('f0000000-0000-0000-0000-000000000018', 'c1000002-0000-0000-0000-000000000035', 3, '2026-01-19T09:28:00Z'),
  ('f0000000-0000-0000-0000-000000000018', 'c1000002-0000-0000-0000-000000000036', 5, '2026-01-19T09:30:00Z'),
  ('f0000000-0000-0000-0000-000000000018', 'c1000002-0000-0000-0000-000000000037', 2, '2026-01-19T09:32:00Z'),
  ('f0000000-0000-0000-0000-000000000019', 'c1000002-0000-0000-0000-000000000001', 5, '2026-01-20T08:21:00Z'),
  ('f0000000-0000-0000-0000-000000000019', 'c1000002-0000-0000-0000-000000000002', 4, '2026-01-20T08:23:00Z'),
  ('f0000000-0000-0000-0000-000000000019', 'c1000002-0000-0000-0000-000000000003', 5, '2026-01-20T08:25:00Z'),
  ('f0000000-0000-0000-0000-000000000019', 'c1000002-0000-0000-0000-000000000004', 4, '2026-01-20T08:27:00Z'),
  ('f0000000-0000-0000-0000-000000000019', 'c1000002-0000-0000-0000-000000000005', 2, '2026-01-20T08:29:00Z'),
  ('f0000000-0000-0000-0000-000000000019', 'c1000002-0000-0000-0000-000000000006', 3, '2026-01-20T08:31:00Z'),
  ('f0000000-0000-0000-0000-000000000019', 'c1000002-0000-0000-0000-000000000007', 4, '2026-01-20T08:33:00Z'),
  ('f0000000-0000-0000-0000-000000000019', 'c1000002-0000-0000-0000-000000000008', 3, '2026-01-20T08:35:00Z'),
  ('f0000000-0000-0000-0000-000000000019', 'c1000002-0000-0000-0000-000000000009', 3, '2026-01-20T08:37:00Z'),
  ('f0000000-0000-0000-0000-000000000019', 'c1000002-0000-0000-0000-000000000010', 2, '2026-01-20T08:39:00Z'),
  ('f0000000-0000-0000-0000-000000000019', 'c1000002-0000-0000-0000-000000000011', 5, '2026-01-20T08:41:00Z'),
  ('f0000000-0000-0000-0000-000000000019', 'c1000002-0000-0000-0000-000000000012', 4, '2026-01-20T08:43:00Z'),
  ('f0000000-0000-0000-0000-000000000019', 'c1000002-0000-0000-0000-000000000013', 4, '2026-01-20T08:45:00Z'),
  ('f0000000-0000-0000-0000-000000000019', 'c1000002-0000-0000-0000-000000000014', 2, '2026-01-20T08:47:00Z'),
  ('f0000000-0000-0000-0000-000000000019', 'c1000002-0000-0000-0000-000000000015', 4, '2026-01-20T08:49:00Z'),
  ('f0000000-0000-0000-0000-000000000019', 'c1000002-0000-0000-0000-000000000016', 4, '2026-01-20T08:51:00Z'),
  ('f0000000-0000-0000-0000-000000000019', 'c1000002-0000-0000-0000-000000000017', 4, '2026-01-20T08:53:00Z'),
  ('f0000000-0000-0000-0000-000000000019', 'c1000002-0000-0000-0000-000000000018', 3, '2026-01-20T08:55:00Z'),
  ('f0000000-0000-0000-0000-000000000019', 'c1000002-0000-0000-0000-000000000019', 4, '2026-01-20T08:57:00Z'),
  ('f0000000-0000-0000-0000-000000000019', 'c1000002-0000-0000-0000-000000000020', 3, '2026-01-20T08:59:00Z'),
  ('f0000000-0000-0000-0000-000000000019', 'c1000002-0000-0000-0000-000000000021', 4, '2026-01-20T09:01:00Z'),
  ('f0000000-0000-0000-0000-000000000019', 'c1000002-0000-0000-0000-000000000022', 4, '2026-01-20T09:03:00Z'),
  ('f0000000-0000-0000-0000-000000000019', 'c1000002-0000-0000-0000-000000000023', 4, '2026-01-20T09:05:00Z'),
  ('f0000000-0000-0000-0000-000000000019', 'c1000002-0000-0000-0000-000000000024', 2, '2026-01-20T09:07:00Z'),
  ('f0000000-0000-0000-0000-000000000019', 'c1000002-0000-0000-0000-000000000025', 5, '2026-01-20T09:09:00Z'),
  ('f0000000-0000-0000-0000-000000000019', 'c1000002-0000-0000-0000-000000000026', 4, '2026-01-20T09:11:00Z'),
  ('f0000000-0000-0000-0000-000000000019', 'c1000002-0000-0000-0000-000000000027', 4, '2026-01-20T09:13:00Z'),
  ('f0000000-0000-0000-0000-000000000019', 'c1000002-0000-0000-0000-000000000028', 2, '2026-01-20T09:15:00Z'),
  ('f0000000-0000-0000-0000-000000000019', 'c1000002-0000-0000-0000-000000000029', 2, '2026-01-20T09:17:00Z'),
  ('f0000000-0000-0000-0000-000000000019', 'c1000002-0000-0000-0000-000000000030', 4, '2026-01-20T09:19:00Z'),
  ('f0000000-0000-0000-0000-000000000019', 'c1000002-0000-0000-0000-000000000031', 4, '2026-01-20T09:21:00Z'),
  ('f0000000-0000-0000-0000-000000000019', 'c1000002-0000-0000-0000-000000000032', 4, '2026-01-20T09:23:00Z'),
  ('f0000000-0000-0000-0000-000000000019', 'c1000002-0000-0000-0000-000000000033', 2, '2026-01-20T09:25:00Z'),
  ('f0000000-0000-0000-0000-000000000019', 'c1000002-0000-0000-0000-000000000034', 3, '2026-01-20T09:27:00Z'),
  ('f0000000-0000-0000-0000-000000000019', 'c1000002-0000-0000-0000-000000000035', 3, '2026-01-20T09:29:00Z'),
  ('f0000000-0000-0000-0000-000000000019', 'c1000002-0000-0000-0000-000000000036', 4, '2026-01-20T09:31:00Z'),
  ('f0000000-0000-0000-0000-000000000019', 'c1000002-0000-0000-0000-000000000037', 2, '2026-01-20T09:33:00Z'),
  ('f0000000-0000-0000-0000-000000000020', 'c1000002-0000-0000-0000-000000000001', 4, '2026-01-21T08:22:00Z'),
  ('f0000000-0000-0000-0000-000000000020', 'c1000002-0000-0000-0000-000000000002', 3, '2026-01-21T08:24:00Z'),
  ('f0000000-0000-0000-0000-000000000020', 'c1000002-0000-0000-0000-000000000003', 3, '2026-01-21T08:26:00Z'),
  ('f0000000-0000-0000-0000-000000000020', 'c1000002-0000-0000-0000-000000000004', 4, '2026-01-21T08:28:00Z'),
  ('f0000000-0000-0000-0000-000000000020', 'c1000002-0000-0000-0000-000000000005', 1, '2026-01-21T08:30:00Z'),
  ('f0000000-0000-0000-0000-000000000020', 'c1000002-0000-0000-0000-000000000006', 2, '2026-01-21T08:32:00Z'),
  ('f0000000-0000-0000-0000-000000000020', 'c1000002-0000-0000-0000-000000000007', 3, '2026-01-21T08:34:00Z'),
  ('f0000000-0000-0000-0000-000000000020', 'c1000002-0000-0000-0000-000000000008', 4, '2026-01-21T08:36:00Z'),
  ('f0000000-0000-0000-0000-000000000020', 'c1000002-0000-0000-0000-000000000009', 3, '2026-01-21T08:38:00Z'),
  ('f0000000-0000-0000-0000-000000000020', 'c1000002-0000-0000-0000-000000000010', 2, '2026-01-21T08:40:00Z'),
  ('f0000000-0000-0000-0000-000000000020', 'c1000002-0000-0000-0000-000000000011', 3, '2026-01-21T08:42:00Z'),
  ('f0000000-0000-0000-0000-000000000020', 'c1000002-0000-0000-0000-000000000012', 4, '2026-01-21T08:44:00Z'),
  ('f0000000-0000-0000-0000-000000000020', 'c1000002-0000-0000-0000-000000000013', 4, '2026-01-21T08:46:00Z'),
  ('f0000000-0000-0000-0000-000000000020', 'c1000002-0000-0000-0000-000000000014', 1, '2026-01-21T08:48:00Z'),
  ('f0000000-0000-0000-0000-000000000020', 'c1000002-0000-0000-0000-000000000015', 4, '2026-01-21T08:50:00Z'),
  ('f0000000-0000-0000-0000-000000000020', 'c1000002-0000-0000-0000-000000000016', 3, '2026-01-21T08:52:00Z'),
  ('f0000000-0000-0000-0000-000000000020', 'c1000002-0000-0000-0000-000000000017', 4, '2026-01-21T08:54:00Z'),
  ('f0000000-0000-0000-0000-000000000020', 'c1000002-0000-0000-0000-000000000018', 4, '2026-01-21T08:56:00Z'),
  ('f0000000-0000-0000-0000-000000000020', 'c1000002-0000-0000-0000-000000000019', 4, '2026-01-21T08:58:00Z'),
  ('f0000000-0000-0000-0000-000000000020', 'c1000002-0000-0000-0000-000000000020', 1, '2026-01-21T09:00:00Z'),
  ('f0000000-0000-0000-0000-000000000020', 'c1000002-0000-0000-0000-000000000021', 3, '2026-01-21T09:02:00Z'),
  ('f0000000-0000-0000-0000-000000000020', 'c1000002-0000-0000-0000-000000000022', 3, '2026-01-21T09:04:00Z'),
  ('f0000000-0000-0000-0000-000000000020', 'c1000002-0000-0000-0000-000000000023', 4, '2026-01-21T09:06:00Z'),
  ('f0000000-0000-0000-0000-000000000020', 'c1000002-0000-0000-0000-000000000024', 3, '2026-01-21T09:08:00Z'),
  ('f0000000-0000-0000-0000-000000000020', 'c1000002-0000-0000-0000-000000000025', 5, '2026-01-21T09:10:00Z'),
  ('f0000000-0000-0000-0000-000000000020', 'c1000002-0000-0000-0000-000000000026', 4, '2026-01-21T09:12:00Z'),
  ('f0000000-0000-0000-0000-000000000020', 'c1000002-0000-0000-0000-000000000027', 3, '2026-01-21T09:14:00Z'),
  ('f0000000-0000-0000-0000-000000000020', 'c1000002-0000-0000-0000-000000000028', 2, '2026-01-21T09:16:00Z'),
  ('f0000000-0000-0000-0000-000000000020', 'c1000002-0000-0000-0000-000000000029', 2, '2026-01-21T09:18:00Z'),
  ('f0000000-0000-0000-0000-000000000020', 'c1000002-0000-0000-0000-000000000030', 4, '2026-01-21T09:20:00Z'),
  ('f0000000-0000-0000-0000-000000000020', 'c1000002-0000-0000-0000-000000000031', 4, '2026-01-21T09:22:00Z'),
  ('f0000000-0000-0000-0000-000000000020', 'c1000002-0000-0000-0000-000000000032', 4, '2026-01-21T09:24:00Z'),
  ('f0000000-0000-0000-0000-000000000020', 'c1000002-0000-0000-0000-000000000033', 1, '2026-01-21T09:26:00Z'),
  ('f0000000-0000-0000-0000-000000000020', 'c1000002-0000-0000-0000-000000000034', 3, '2026-01-21T09:28:00Z'),
  ('f0000000-0000-0000-0000-000000000020', 'c1000002-0000-0000-0000-000000000035', 3, '2026-01-21T09:30:00Z'),
  ('f0000000-0000-0000-0000-000000000020', 'c1000002-0000-0000-0000-000000000036', 5, '2026-01-21T09:32:00Z'),
  ('f0000000-0000-0000-0000-000000000020', 'c1000002-0000-0000-0000-000000000037', 2, '2026-01-21T09:34:00Z'),
  ('f0000000-0000-0000-0000-000000000021', 'c1000002-0000-0000-0000-000000000001', 4, '2026-01-22T08:23:00Z'),
  ('f0000000-0000-0000-0000-000000000021', 'c1000002-0000-0000-0000-000000000002', 4, '2026-01-22T08:25:00Z'),
  ('f0000000-0000-0000-0000-000000000021', 'c1000002-0000-0000-0000-000000000003', 5, '2026-01-22T08:27:00Z'),
  ('f0000000-0000-0000-0000-000000000021', 'c1000002-0000-0000-0000-000000000004', 4, '2026-01-22T08:29:00Z'),
  ('f0000000-0000-0000-0000-000000000021', 'c1000002-0000-0000-0000-000000000005', 2, '2026-01-22T08:31:00Z'),
  ('f0000000-0000-0000-0000-000000000021', 'c1000002-0000-0000-0000-000000000006', 4, '2026-01-22T08:33:00Z'),
  ('f0000000-0000-0000-0000-000000000021', 'c1000002-0000-0000-0000-000000000007', 4, '2026-01-22T08:35:00Z'),
  ('f0000000-0000-0000-0000-000000000021', 'c1000002-0000-0000-0000-000000000008', 5, '2026-01-22T08:37:00Z'),
  ('f0000000-0000-0000-0000-000000000021', 'c1000002-0000-0000-0000-000000000009', 4, '2026-01-22T08:39:00Z'),
  ('f0000000-0000-0000-0000-000000000021', 'c1000002-0000-0000-0000-000000000010', 3, '2026-01-22T08:41:00Z'),
  ('f0000000-0000-0000-0000-000000000021', 'c1000002-0000-0000-0000-000000000011', 5, '2026-01-22T08:43:00Z'),
  ('f0000000-0000-0000-0000-000000000021', 'c1000002-0000-0000-0000-000000000012', 5, '2026-01-22T08:45:00Z'),
  ('f0000000-0000-0000-0000-000000000021', 'c1000002-0000-0000-0000-000000000013', 5, '2026-01-22T08:47:00Z'),
  ('f0000000-0000-0000-0000-000000000021', 'c1000002-0000-0000-0000-000000000014', 1, '2026-01-22T08:49:00Z'),
  ('f0000000-0000-0000-0000-000000000021', 'c1000002-0000-0000-0000-000000000015', 4, '2026-01-22T08:51:00Z'),
  ('f0000000-0000-0000-0000-000000000021', 'c1000002-0000-0000-0000-000000000016', 4, '2026-01-22T08:53:00Z'),
  ('f0000000-0000-0000-0000-000000000021', 'c1000002-0000-0000-0000-000000000017', 5, '2026-01-22T08:55:00Z'),
  ('f0000000-0000-0000-0000-000000000021', 'c1000002-0000-0000-0000-000000000018', 4, '2026-01-22T08:57:00Z'),
  ('f0000000-0000-0000-0000-000000000021', 'c1000002-0000-0000-0000-000000000019', 5, '2026-01-22T08:59:00Z'),
  ('f0000000-0000-0000-0000-000000000021', 'c1000002-0000-0000-0000-000000000020', 2, '2026-01-22T09:01:00Z'),
  ('f0000000-0000-0000-0000-000000000021', 'c1000002-0000-0000-0000-000000000021', 4, '2026-01-22T09:03:00Z'),
  ('f0000000-0000-0000-0000-000000000021', 'c1000002-0000-0000-0000-000000000022', 3, '2026-01-22T09:05:00Z'),
  ('f0000000-0000-0000-0000-000000000021', 'c1000002-0000-0000-0000-000000000023', 3, '2026-01-22T09:07:00Z'),
  ('f0000000-0000-0000-0000-000000000021', 'c1000002-0000-0000-0000-000000000024', 2, '2026-01-22T09:09:00Z'),
  ('f0000000-0000-0000-0000-000000000021', 'c1000002-0000-0000-0000-000000000025', 4, '2026-01-22T09:11:00Z'),
  ('f0000000-0000-0000-0000-000000000021', 'c1000002-0000-0000-0000-000000000026', 5, '2026-01-22T09:13:00Z'),
  ('f0000000-0000-0000-0000-000000000021', 'c1000002-0000-0000-0000-000000000027', 5, '2026-01-22T09:15:00Z'),
  ('f0000000-0000-0000-0000-000000000021', 'c1000002-0000-0000-0000-000000000028', 1, '2026-01-22T09:17:00Z'),
  ('f0000000-0000-0000-0000-000000000021', 'c1000002-0000-0000-0000-000000000029', 2, '2026-01-22T09:19:00Z'),
  ('f0000000-0000-0000-0000-000000000021', 'c1000002-0000-0000-0000-000000000030', 4, '2026-01-22T09:21:00Z'),
  ('f0000000-0000-0000-0000-000000000021', 'c1000002-0000-0000-0000-000000000031', 4, '2026-01-22T09:23:00Z'),
  ('f0000000-0000-0000-0000-000000000021', 'c1000002-0000-0000-0000-000000000032', 4, '2026-01-22T09:25:00Z'),
  ('f0000000-0000-0000-0000-000000000021', 'c1000002-0000-0000-0000-000000000033', 3, '2026-01-22T09:27:00Z'),
  ('f0000000-0000-0000-0000-000000000021', 'c1000002-0000-0000-0000-000000000034', 4, '2026-01-22T09:29:00Z'),
  ('f0000000-0000-0000-0000-000000000021', 'c1000002-0000-0000-0000-000000000035', 4, '2026-01-22T09:31:00Z'),
  ('f0000000-0000-0000-0000-000000000021', 'c1000002-0000-0000-0000-000000000036', 5, '2026-01-22T09:33:00Z'),
  ('f0000000-0000-0000-0000-000000000021', 'c1000002-0000-0000-0000-000000000037', 1, '2026-01-22T09:35:00Z'),
  ('f0000000-0000-0000-0000-000000000022', 'c1000002-0000-0000-0000-000000000001', 4, '2026-01-23T08:24:00Z'),
  ('f0000000-0000-0000-0000-000000000022', 'c1000002-0000-0000-0000-000000000002', 3, '2026-01-23T08:26:00Z'),
  ('f0000000-0000-0000-0000-000000000022', 'c1000002-0000-0000-0000-000000000003', 4, '2026-01-23T08:28:00Z'),
  ('f0000000-0000-0000-0000-000000000022', 'c1000002-0000-0000-0000-000000000004', 3, '2026-01-23T08:30:00Z'),
  ('f0000000-0000-0000-0000-000000000022', 'c1000002-0000-0000-0000-000000000005', 1, '2026-01-23T08:32:00Z'),
  ('f0000000-0000-0000-0000-000000000022', 'c1000002-0000-0000-0000-000000000006', 3, '2026-01-23T08:34:00Z'),
  ('f0000000-0000-0000-0000-000000000022', 'c1000002-0000-0000-0000-000000000007', 4, '2026-01-23T08:36:00Z'),
  ('f0000000-0000-0000-0000-000000000022', 'c1000002-0000-0000-0000-000000000008', 4, '2026-01-23T08:38:00Z'),
  ('f0000000-0000-0000-0000-000000000022', 'c1000002-0000-0000-0000-000000000009', 3, '2026-01-23T08:40:00Z'),
  ('f0000000-0000-0000-0000-000000000022', 'c1000002-0000-0000-0000-000000000010', 2, '2026-01-23T08:42:00Z'),
  ('f0000000-0000-0000-0000-000000000022', 'c1000002-0000-0000-0000-000000000011', 5, '2026-01-23T08:44:00Z'),
  ('f0000000-0000-0000-0000-000000000022', 'c1000002-0000-0000-0000-000000000012', 5, '2026-01-23T08:46:00Z'),
  ('f0000000-0000-0000-0000-000000000022', 'c1000002-0000-0000-0000-000000000013', 4, '2026-01-23T08:48:00Z'),
  ('f0000000-0000-0000-0000-000000000022', 'c1000002-0000-0000-0000-000000000014', 1, '2026-01-23T08:50:00Z'),
  ('f0000000-0000-0000-0000-000000000022', 'c1000002-0000-0000-0000-000000000015', 4, '2026-01-23T08:52:00Z'),
  ('f0000000-0000-0000-0000-000000000022', 'c1000002-0000-0000-0000-000000000016', 4, '2026-01-23T08:54:00Z'),
  ('f0000000-0000-0000-0000-000000000022', 'c1000002-0000-0000-0000-000000000017', 3, '2026-01-23T08:56:00Z'),
  ('f0000000-0000-0000-0000-000000000022', 'c1000002-0000-0000-0000-000000000018', 4, '2026-01-23T08:58:00Z'),
  ('f0000000-0000-0000-0000-000000000022', 'c1000002-0000-0000-0000-000000000019', 3, '2026-01-23T09:00:00Z'),
  ('f0000000-0000-0000-0000-000000000022', 'c1000002-0000-0000-0000-000000000020', 1, '2026-01-23T09:02:00Z'),
  ('f0000000-0000-0000-0000-000000000022', 'c1000002-0000-0000-0000-000000000021', 4, '2026-01-23T09:04:00Z'),
  ('f0000000-0000-0000-0000-000000000022', 'c1000002-0000-0000-0000-000000000022', 3, '2026-01-23T09:06:00Z'),
  ('f0000000-0000-0000-0000-000000000022', 'c1000002-0000-0000-0000-000000000023', 3, '2026-01-23T09:08:00Z'),
  ('f0000000-0000-0000-0000-000000000022', 'c1000002-0000-0000-0000-000000000024', 3, '2026-01-23T09:10:00Z'),
  ('f0000000-0000-0000-0000-000000000022', 'c1000002-0000-0000-0000-000000000025', 3, '2026-01-23T09:12:00Z'),
  ('f0000000-0000-0000-0000-000000000022', 'c1000002-0000-0000-0000-000000000026', 4, '2026-01-23T09:14:00Z'),
  ('f0000000-0000-0000-0000-000000000022', 'c1000002-0000-0000-0000-000000000027', 4, '2026-01-23T09:16:00Z'),
  ('f0000000-0000-0000-0000-000000000022', 'c1000002-0000-0000-0000-000000000028', 1, '2026-01-23T09:18:00Z'),
  ('f0000000-0000-0000-0000-000000000022', 'c1000002-0000-0000-0000-000000000029', 2, '2026-01-23T09:20:00Z'),
  ('f0000000-0000-0000-0000-000000000022', 'c1000002-0000-0000-0000-000000000030', 4, '2026-01-23T09:22:00Z'),
  ('f0000000-0000-0000-0000-000000000022', 'c1000002-0000-0000-0000-000000000031', 5, '2026-01-23T09:24:00Z'),
  ('f0000000-0000-0000-0000-000000000022', 'c1000002-0000-0000-0000-000000000032', 3, '2026-01-23T09:26:00Z'),
  ('f0000000-0000-0000-0000-000000000022', 'c1000002-0000-0000-0000-000000000033', 3, '2026-01-23T09:28:00Z'),
  ('f0000000-0000-0000-0000-000000000022', 'c1000002-0000-0000-0000-000000000034', 3, '2026-01-23T09:30:00Z'),
  ('f0000000-0000-0000-0000-000000000022', 'c1000002-0000-0000-0000-000000000035', 5, '2026-01-23T09:32:00Z'),
  ('f0000000-0000-0000-0000-000000000022', 'c1000002-0000-0000-0000-000000000036', 4, '2026-01-23T09:34:00Z'),
  ('f0000000-0000-0000-0000-000000000022', 'c1000002-0000-0000-0000-000000000037', 2, '2026-01-23T09:36:00Z'),
  ('f0000000-0000-0000-0000-000000000023', 'c1000002-0000-0000-0000-000000000001', 4, '2026-01-24T08:25:00Z'),
  ('f0000000-0000-0000-0000-000000000023', 'c1000002-0000-0000-0000-000000000002', 4, '2026-01-24T08:27:00Z'),
  ('f0000000-0000-0000-0000-000000000023', 'c1000002-0000-0000-0000-000000000003', 4, '2026-01-24T08:29:00Z'),
  ('f0000000-0000-0000-0000-000000000023', 'c1000002-0000-0000-0000-000000000004', 4, '2026-01-24T08:31:00Z'),
  ('f0000000-0000-0000-0000-000000000023', 'c1000002-0000-0000-0000-000000000005', 2, '2026-01-24T08:33:00Z'),
  ('f0000000-0000-0000-0000-000000000023', 'c1000002-0000-0000-0000-000000000006', 4, '2026-01-24T08:35:00Z'),
  ('f0000000-0000-0000-0000-000000000023', 'c1000002-0000-0000-0000-000000000007', 3, '2026-01-24T08:37:00Z'),
  ('f0000000-0000-0000-0000-000000000023', 'c1000002-0000-0000-0000-000000000008', 5, '2026-01-24T08:39:00Z'),
  ('f0000000-0000-0000-0000-000000000023', 'c1000002-0000-0000-0000-000000000009', 5, '2026-01-24T08:41:00Z'),
  ('f0000000-0000-0000-0000-000000000023', 'c1000002-0000-0000-0000-000000000010', 2, '2026-01-24T08:43:00Z'),
  ('f0000000-0000-0000-0000-000000000023', 'c1000002-0000-0000-0000-000000000011', 4, '2026-01-24T08:45:00Z'),
  ('f0000000-0000-0000-0000-000000000023', 'c1000002-0000-0000-0000-000000000012', 4, '2026-01-24T08:47:00Z'),
  ('f0000000-0000-0000-0000-000000000023', 'c1000002-0000-0000-0000-000000000013', 5, '2026-01-24T08:49:00Z'),
  ('f0000000-0000-0000-0000-000000000023', 'c1000002-0000-0000-0000-000000000014', 3, '2026-01-24T08:51:00Z'),
  ('f0000000-0000-0000-0000-000000000023', 'c1000002-0000-0000-0000-000000000015', 4, '2026-01-24T08:53:00Z'),
  ('f0000000-0000-0000-0000-000000000023', 'c1000002-0000-0000-0000-000000000016', 5, '2026-01-24T08:55:00Z'),
  ('f0000000-0000-0000-0000-000000000023', 'c1000002-0000-0000-0000-000000000017', 5, '2026-01-24T08:57:00Z'),
  ('f0000000-0000-0000-0000-000000000023', 'c1000002-0000-0000-0000-000000000018', 5, '2026-01-24T08:59:00Z'),
  ('f0000000-0000-0000-0000-000000000023', 'c1000002-0000-0000-0000-000000000019', 4, '2026-01-24T09:01:00Z'),
  ('f0000000-0000-0000-0000-000000000023', 'c1000002-0000-0000-0000-000000000020', 3, '2026-01-24T09:03:00Z'),
  ('f0000000-0000-0000-0000-000000000023', 'c1000002-0000-0000-0000-000000000021', 4, '2026-01-24T09:05:00Z'),
  ('f0000000-0000-0000-0000-000000000023', 'c1000002-0000-0000-0000-000000000022', 5, '2026-01-24T09:07:00Z'),
  ('f0000000-0000-0000-0000-000000000023', 'c1000002-0000-0000-0000-000000000023', 3, '2026-01-24T09:09:00Z'),
  ('f0000000-0000-0000-0000-000000000023', 'c1000002-0000-0000-0000-000000000024', 2, '2026-01-24T09:11:00Z'),
  ('f0000000-0000-0000-0000-000000000023', 'c1000002-0000-0000-0000-000000000025', 5, '2026-01-24T09:13:00Z'),
  ('f0000000-0000-0000-0000-000000000023', 'c1000002-0000-0000-0000-000000000026', 5, '2026-01-24T09:15:00Z'),
  ('f0000000-0000-0000-0000-000000000023', 'c1000002-0000-0000-0000-000000000027', 5, '2026-01-24T09:17:00Z'),
  ('f0000000-0000-0000-0000-000000000023', 'c1000002-0000-0000-0000-000000000028', 2, '2026-01-24T09:19:00Z'),
  ('f0000000-0000-0000-0000-000000000023', 'c1000002-0000-0000-0000-000000000029', 2, '2026-01-24T09:21:00Z'),
  ('f0000000-0000-0000-0000-000000000023', 'c1000002-0000-0000-0000-000000000030', 4, '2026-01-24T09:23:00Z'),
  ('f0000000-0000-0000-0000-000000000023', 'c1000002-0000-0000-0000-000000000031', 3, '2026-01-24T09:25:00Z'),
  ('f0000000-0000-0000-0000-000000000023', 'c1000002-0000-0000-0000-000000000032', 5, '2026-01-24T09:27:00Z'),
  ('f0000000-0000-0000-0000-000000000023', 'c1000002-0000-0000-0000-000000000033', 3, '2026-01-24T09:29:00Z'),
  ('f0000000-0000-0000-0000-000000000023', 'c1000002-0000-0000-0000-000000000034', 5, '2026-01-24T09:31:00Z'),
  ('f0000000-0000-0000-0000-000000000023', 'c1000002-0000-0000-0000-000000000035', 4, '2026-01-24T09:33:00Z'),
  ('f0000000-0000-0000-0000-000000000023', 'c1000002-0000-0000-0000-000000000036', 5, '2026-01-24T09:35:00Z'),
  ('f0000000-0000-0000-0000-000000000023', 'c1000002-0000-0000-0000-000000000037', 3, '2026-01-24T09:37:00Z'),
  ('f0000000-0000-0000-0000-000000000024', 'c1000002-0000-0000-0000-000000000001', 5, '2026-01-25T08:26:00Z'),
  ('f0000000-0000-0000-0000-000000000024', 'c1000002-0000-0000-0000-000000000002', 3, '2026-01-25T08:28:00Z'),
  ('f0000000-0000-0000-0000-000000000024', 'c1000002-0000-0000-0000-000000000003', 5, '2026-01-25T08:30:00Z'),
  ('f0000000-0000-0000-0000-000000000024', 'c1000002-0000-0000-0000-000000000004', 4, '2026-01-25T08:32:00Z'),
  ('f0000000-0000-0000-0000-000000000024', 'c1000002-0000-0000-0000-000000000005', 2, '2026-01-25T08:34:00Z'),
  ('f0000000-0000-0000-0000-000000000024', 'c1000002-0000-0000-0000-000000000006', 3, '2026-01-25T08:36:00Z'),
  ('f0000000-0000-0000-0000-000000000024', 'c1000002-0000-0000-0000-000000000007', 3, '2026-01-25T08:38:00Z'),
  ('f0000000-0000-0000-0000-000000000024', 'c1000002-0000-0000-0000-000000000008', 3, '2026-01-25T08:40:00Z'),
  ('f0000000-0000-0000-0000-000000000024', 'c1000002-0000-0000-0000-000000000009', 5, '2026-01-25T08:42:00Z'),
  ('f0000000-0000-0000-0000-000000000024', 'c1000002-0000-0000-0000-000000000010', 3, '2026-01-25T08:44:00Z'),
  ('f0000000-0000-0000-0000-000000000024', 'c1000002-0000-0000-0000-000000000011', 4, '2026-01-25T08:46:00Z'),
  ('f0000000-0000-0000-0000-000000000024', 'c1000002-0000-0000-0000-000000000012', 4, '2026-01-25T08:48:00Z'),
  ('f0000000-0000-0000-0000-000000000024', 'c1000002-0000-0000-0000-000000000013', 3, '2026-01-25T08:50:00Z'),
  ('f0000000-0000-0000-0000-000000000024', 'c1000002-0000-0000-0000-000000000014', 2, '2026-01-25T08:52:00Z'),
  ('f0000000-0000-0000-0000-000000000024', 'c1000002-0000-0000-0000-000000000015', 4, '2026-01-25T08:54:00Z'),
  ('f0000000-0000-0000-0000-000000000024', 'c1000002-0000-0000-0000-000000000016', 3, '2026-01-25T08:56:00Z'),
  ('f0000000-0000-0000-0000-000000000024', 'c1000002-0000-0000-0000-000000000017', 5, '2026-01-25T08:58:00Z'),
  ('f0000000-0000-0000-0000-000000000024', 'c1000002-0000-0000-0000-000000000018', 4, '2026-01-25T09:00:00Z'),
  ('f0000000-0000-0000-0000-000000000024', 'c1000002-0000-0000-0000-000000000019', 5, '2026-01-25T09:02:00Z'),
  ('f0000000-0000-0000-0000-000000000024', 'c1000002-0000-0000-0000-000000000020', 3, '2026-01-25T09:04:00Z'),
  ('f0000000-0000-0000-0000-000000000024', 'c1000002-0000-0000-0000-000000000021', 4, '2026-01-25T09:06:00Z'),
  ('f0000000-0000-0000-0000-000000000024', 'c1000002-0000-0000-0000-000000000022', 3, '2026-01-25T09:08:00Z'),
  ('f0000000-0000-0000-0000-000000000024', 'c1000002-0000-0000-0000-000000000023', 3, '2026-01-25T09:10:00Z'),
  ('f0000000-0000-0000-0000-000000000024', 'c1000002-0000-0000-0000-000000000024', 2, '2026-01-25T09:12:00Z'),
  ('f0000000-0000-0000-0000-000000000024', 'c1000002-0000-0000-0000-000000000025', 3, '2026-01-25T09:14:00Z'),
  ('f0000000-0000-0000-0000-000000000024', 'c1000002-0000-0000-0000-000000000026', 4, '2026-01-25T09:16:00Z'),
  ('f0000000-0000-0000-0000-000000000024', 'c1000002-0000-0000-0000-000000000027', 4, '2026-01-25T09:18:00Z'),
  ('f0000000-0000-0000-0000-000000000024', 'c1000002-0000-0000-0000-000000000028', 2, '2026-01-25T09:20:00Z'),
  ('f0000000-0000-0000-0000-000000000024', 'c1000002-0000-0000-0000-000000000029', 2, '2026-01-25T09:22:00Z'),
  ('f0000000-0000-0000-0000-000000000024', 'c1000002-0000-0000-0000-000000000030', 4, '2026-01-25T09:24:00Z'),
  ('f0000000-0000-0000-0000-000000000024', 'c1000002-0000-0000-0000-000000000031', 4, '2026-01-25T09:26:00Z'),
  ('f0000000-0000-0000-0000-000000000024', 'c1000002-0000-0000-0000-000000000032', 3, '2026-01-25T09:28:00Z'),
  ('f0000000-0000-0000-0000-000000000024', 'c1000002-0000-0000-0000-000000000033', 3, '2026-01-25T09:30:00Z'),
  ('f0000000-0000-0000-0000-000000000024', 'c1000002-0000-0000-0000-000000000034', 5, '2026-01-25T09:32:00Z'),
  ('f0000000-0000-0000-0000-000000000024', 'c1000002-0000-0000-0000-000000000035', 4, '2026-01-25T09:34:00Z'),
  ('f0000000-0000-0000-0000-000000000024', 'c1000002-0000-0000-0000-000000000036', 4, '2026-01-25T09:36:00Z'),
  ('f0000000-0000-0000-0000-000000000024', 'c1000002-0000-0000-0000-000000000037', 3, '2026-01-25T09:38:00Z'),
  ('f0000000-0000-0000-0000-000000000025', 'c1000002-0000-0000-0000-000000000001', 4, '2026-01-26T08:27:00Z'),
  ('f0000000-0000-0000-0000-000000000025', 'c1000002-0000-0000-0000-000000000002', 4, '2026-01-26T08:29:00Z'),
  ('f0000000-0000-0000-0000-000000000025', 'c1000002-0000-0000-0000-000000000003', 3, '2026-01-26T08:31:00Z'),
  ('f0000000-0000-0000-0000-000000000025', 'c1000002-0000-0000-0000-000000000004', 5, '2026-01-26T08:33:00Z'),
  ('f0000000-0000-0000-0000-000000000025', 'c1000002-0000-0000-0000-000000000005', 1, '2026-01-26T08:35:00Z'),
  ('f0000000-0000-0000-0000-000000000025', 'c1000002-0000-0000-0000-000000000006', 3, '2026-01-26T08:37:00Z'),
  ('f0000000-0000-0000-0000-000000000025', 'c1000002-0000-0000-0000-000000000007', 4, '2026-01-26T08:39:00Z'),
  ('f0000000-0000-0000-0000-000000000025', 'c1000002-0000-0000-0000-000000000008', 4, '2026-01-26T08:41:00Z'),
  ('f0000000-0000-0000-0000-000000000025', 'c1000002-0000-0000-0000-000000000009', 4, '2026-01-26T08:43:00Z'),
  ('f0000000-0000-0000-0000-000000000025', 'c1000002-0000-0000-0000-000000000010', 2, '2026-01-26T08:45:00Z'),
  ('f0000000-0000-0000-0000-000000000025', 'c1000002-0000-0000-0000-000000000011', 4, '2026-01-26T08:47:00Z'),
  ('f0000000-0000-0000-0000-000000000025', 'c1000002-0000-0000-0000-000000000012', 4, '2026-01-26T08:49:00Z'),
  ('f0000000-0000-0000-0000-000000000025', 'c1000002-0000-0000-0000-000000000013', 4, '2026-01-26T08:51:00Z'),
  ('f0000000-0000-0000-0000-000000000025', 'c1000002-0000-0000-0000-000000000014', 2, '2026-01-26T08:53:00Z'),
  ('f0000000-0000-0000-0000-000000000025', 'c1000002-0000-0000-0000-000000000015', 4, '2026-01-26T08:55:00Z'),
  ('f0000000-0000-0000-0000-000000000025', 'c1000002-0000-0000-0000-000000000016', 3, '2026-01-26T08:57:00Z'),
  ('f0000000-0000-0000-0000-000000000025', 'c1000002-0000-0000-0000-000000000017', 4, '2026-01-26T08:59:00Z'),
  ('f0000000-0000-0000-0000-000000000025', 'c1000002-0000-0000-0000-000000000018', 4, '2026-01-26T09:01:00Z'),
  ('f0000000-0000-0000-0000-000000000025', 'c1000002-0000-0000-0000-000000000019', 4, '2026-01-26T09:03:00Z'),
  ('f0000000-0000-0000-0000-000000000025', 'c1000002-0000-0000-0000-000000000020', 2, '2026-01-26T09:05:00Z'),
  ('f0000000-0000-0000-0000-000000000025', 'c1000002-0000-0000-0000-000000000021', 4, '2026-01-26T09:07:00Z'),
  ('f0000000-0000-0000-0000-000000000025', 'c1000002-0000-0000-0000-000000000022', 3, '2026-01-26T09:09:00Z'),
  ('f0000000-0000-0000-0000-000000000025', 'c1000002-0000-0000-0000-000000000023', 4, '2026-01-26T09:11:00Z'),
  ('f0000000-0000-0000-0000-000000000025', 'c1000002-0000-0000-0000-000000000024', 1, '2026-01-26T09:13:00Z'),
  ('f0000000-0000-0000-0000-000000000025', 'c1000002-0000-0000-0000-000000000025', 4, '2026-01-26T09:15:00Z'),
  ('f0000000-0000-0000-0000-000000000025', 'c1000002-0000-0000-0000-000000000026', 4, '2026-01-26T09:17:00Z'),
  ('f0000000-0000-0000-0000-000000000025', 'c1000002-0000-0000-0000-000000000027', 4, '2026-01-26T09:19:00Z'),
  ('f0000000-0000-0000-0000-000000000025', 'c1000002-0000-0000-0000-000000000028', 1, '2026-01-26T09:21:00Z'),
  ('f0000000-0000-0000-0000-000000000025', 'c1000002-0000-0000-0000-000000000029', 2, '2026-01-26T09:23:00Z'),
  ('f0000000-0000-0000-0000-000000000025', 'c1000002-0000-0000-0000-000000000030', 5, '2026-01-26T09:25:00Z'),
  ('f0000000-0000-0000-0000-000000000025', 'c1000002-0000-0000-0000-000000000031', 5, '2026-01-26T09:27:00Z'),
  ('f0000000-0000-0000-0000-000000000025', 'c1000002-0000-0000-0000-000000000032', 4, '2026-01-26T09:29:00Z'),
  ('f0000000-0000-0000-0000-000000000025', 'c1000002-0000-0000-0000-000000000033', 3, '2026-01-26T09:31:00Z'),
  ('f0000000-0000-0000-0000-000000000025', 'c1000002-0000-0000-0000-000000000034', 5, '2026-01-26T09:33:00Z'),
  ('f0000000-0000-0000-0000-000000000025', 'c1000002-0000-0000-0000-000000000035', 3, '2026-01-26T09:35:00Z'),
  ('f0000000-0000-0000-0000-000000000025', 'c1000002-0000-0000-0000-000000000036', 4, '2026-01-26T09:37:00Z'),
  ('f0000000-0000-0000-0000-000000000025', 'c1000002-0000-0000-0000-000000000037', 2, '2026-01-26T09:39:00Z'),
  ('f0000000-0000-0000-0000-000000000026', 'c1000002-0000-0000-0000-000000000001', 4, '2026-01-27T08:28:00Z'),
  ('f0000000-0000-0000-0000-000000000026', 'c1000002-0000-0000-0000-000000000002', 5, '2026-01-27T08:30:00Z'),
  ('f0000000-0000-0000-0000-000000000026', 'c1000002-0000-0000-0000-000000000003', 5, '2026-01-27T08:32:00Z'),
  ('f0000000-0000-0000-0000-000000000026', 'c1000002-0000-0000-0000-000000000004', 4, '2026-01-27T08:34:00Z'),
  ('f0000000-0000-0000-0000-000000000026', 'c1000002-0000-0000-0000-000000000005', 2, '2026-01-27T08:36:00Z'),
  ('f0000000-0000-0000-0000-000000000026', 'c1000002-0000-0000-0000-000000000006', 4, '2026-01-27T08:38:00Z'),
  ('f0000000-0000-0000-0000-000000000026', 'c1000002-0000-0000-0000-000000000007', 5, '2026-01-27T08:40:00Z'),
  ('f0000000-0000-0000-0000-000000000026', 'c1000002-0000-0000-0000-000000000008', 3, '2026-01-27T08:42:00Z'),
  ('f0000000-0000-0000-0000-000000000026', 'c1000002-0000-0000-0000-000000000009', 5, '2026-01-27T08:44:00Z'),
  ('f0000000-0000-0000-0000-000000000026', 'c1000002-0000-0000-0000-000000000010', 3, '2026-01-27T08:46:00Z'),
  ('f0000000-0000-0000-0000-000000000026', 'c1000002-0000-0000-0000-000000000011', 5, '2026-01-27T08:48:00Z'),
  ('f0000000-0000-0000-0000-000000000026', 'c1000002-0000-0000-0000-000000000012', 4, '2026-01-27T08:50:00Z'),
  ('f0000000-0000-0000-0000-000000000026', 'c1000002-0000-0000-0000-000000000013', 4, '2026-01-27T08:52:00Z'),
  ('f0000000-0000-0000-0000-000000000026', 'c1000002-0000-0000-0000-000000000014', 2, '2026-01-27T08:54:00Z'),
  ('f0000000-0000-0000-0000-000000000026', 'c1000002-0000-0000-0000-000000000015', 4, '2026-01-27T08:56:00Z'),
  ('f0000000-0000-0000-0000-000000000026', 'c1000002-0000-0000-0000-000000000016', 4, '2026-01-27T08:58:00Z'),
  ('f0000000-0000-0000-0000-000000000026', 'c1000002-0000-0000-0000-000000000017', 4, '2026-01-27T09:00:00Z'),
  ('f0000000-0000-0000-0000-000000000026', 'c1000002-0000-0000-0000-000000000018', 3, '2026-01-27T09:02:00Z'),
  ('f0000000-0000-0000-0000-000000000026', 'c1000002-0000-0000-0000-000000000019', 5, '2026-01-27T09:04:00Z'),
  ('f0000000-0000-0000-0000-000000000026', 'c1000002-0000-0000-0000-000000000020', 2, '2026-01-27T09:06:00Z'),
  ('f0000000-0000-0000-0000-000000000026', 'c1000002-0000-0000-0000-000000000021', 3, '2026-01-27T09:08:00Z'),
  ('f0000000-0000-0000-0000-000000000026', 'c1000002-0000-0000-0000-000000000022', 3, '2026-01-27T09:10:00Z'),
  ('f0000000-0000-0000-0000-000000000026', 'c1000002-0000-0000-0000-000000000023', 4, '2026-01-27T09:12:00Z'),
  ('f0000000-0000-0000-0000-000000000026', 'c1000002-0000-0000-0000-000000000024', 2, '2026-01-27T09:14:00Z'),
  ('f0000000-0000-0000-0000-000000000026', 'c1000002-0000-0000-0000-000000000025', 5, '2026-01-27T09:16:00Z'),
  ('f0000000-0000-0000-0000-000000000026', 'c1000002-0000-0000-0000-000000000026', 4, '2026-01-27T09:18:00Z'),
  ('f0000000-0000-0000-0000-000000000026', 'c1000002-0000-0000-0000-000000000027', 4, '2026-01-27T09:20:00Z'),
  ('f0000000-0000-0000-0000-000000000026', 'c1000002-0000-0000-0000-000000000028', 2, '2026-01-27T09:22:00Z'),
  ('f0000000-0000-0000-0000-000000000026', 'c1000002-0000-0000-0000-000000000029', 2, '2026-01-27T09:24:00Z'),
  ('f0000000-0000-0000-0000-000000000026', 'c1000002-0000-0000-0000-000000000030', 4, '2026-01-27T09:26:00Z'),
  ('f0000000-0000-0000-0000-000000000026', 'c1000002-0000-0000-0000-000000000031', 4, '2026-01-27T09:28:00Z'),
  ('f0000000-0000-0000-0000-000000000026', 'c1000002-0000-0000-0000-000000000032', 4, '2026-01-27T09:30:00Z'),
  ('f0000000-0000-0000-0000-000000000026', 'c1000002-0000-0000-0000-000000000033', 3, '2026-01-27T09:32:00Z'),
  ('f0000000-0000-0000-0000-000000000026', 'c1000002-0000-0000-0000-000000000034', 5, '2026-01-27T09:34:00Z'),
  ('f0000000-0000-0000-0000-000000000026', 'c1000002-0000-0000-0000-000000000035', 5, '2026-01-27T09:36:00Z'),
  ('f0000000-0000-0000-0000-000000000026', 'c1000002-0000-0000-0000-000000000036', 5, '2026-01-27T09:38:00Z'),
  ('f0000000-0000-0000-0000-000000000026', 'c1000002-0000-0000-0000-000000000037', 2, '2026-01-27T09:40:00Z'),
  ('f0000000-0000-0000-0000-000000000027', 'c1000002-0000-0000-0000-000000000001', 4, '2026-01-28T08:29:00Z'),
  ('f0000000-0000-0000-0000-000000000027', 'c1000002-0000-0000-0000-000000000002', 5, '2026-01-28T08:31:00Z'),
  ('f0000000-0000-0000-0000-000000000027', 'c1000002-0000-0000-0000-000000000003', 5, '2026-01-28T08:33:00Z'),
  ('f0000000-0000-0000-0000-000000000027', 'c1000002-0000-0000-0000-000000000004', 4, '2026-01-28T08:35:00Z'),
  ('f0000000-0000-0000-0000-000000000027', 'c1000002-0000-0000-0000-000000000005', 1, '2026-01-28T08:37:00Z'),
  ('f0000000-0000-0000-0000-000000000027', 'c1000002-0000-0000-0000-000000000006', 3, '2026-01-28T08:39:00Z'),
  ('f0000000-0000-0000-0000-000000000027', 'c1000002-0000-0000-0000-000000000007', 3, '2026-01-28T08:41:00Z'),
  ('f0000000-0000-0000-0000-000000000027', 'c1000002-0000-0000-0000-000000000008', 4, '2026-01-28T08:43:00Z'),
  ('f0000000-0000-0000-0000-000000000027', 'c1000002-0000-0000-0000-000000000009', 3, '2026-01-28T08:45:00Z'),
  ('f0000000-0000-0000-0000-000000000027', 'c1000002-0000-0000-0000-000000000010', 2, '2026-01-28T08:47:00Z'),
  ('f0000000-0000-0000-0000-000000000027', 'c1000002-0000-0000-0000-000000000011', 5, '2026-01-28T08:49:00Z'),
  ('f0000000-0000-0000-0000-000000000027', 'c1000002-0000-0000-0000-000000000012', 5, '2026-01-28T08:51:00Z'),
  ('f0000000-0000-0000-0000-000000000027', 'c1000002-0000-0000-0000-000000000013', 4, '2026-01-28T08:53:00Z'),
  ('f0000000-0000-0000-0000-000000000027', 'c1000002-0000-0000-0000-000000000014', 3, '2026-01-28T08:55:00Z'),
  ('f0000000-0000-0000-0000-000000000027', 'c1000002-0000-0000-0000-000000000015', 4, '2026-01-28T08:57:00Z'),
  ('f0000000-0000-0000-0000-000000000027', 'c1000002-0000-0000-0000-000000000016', 5, '2026-01-28T08:59:00Z'),
  ('f0000000-0000-0000-0000-000000000027', 'c1000002-0000-0000-0000-000000000017', 5, '2026-01-28T09:01:00Z'),
  ('f0000000-0000-0000-0000-000000000027', 'c1000002-0000-0000-0000-000000000018', 4, '2026-01-28T09:03:00Z'),
  ('f0000000-0000-0000-0000-000000000027', 'c1000002-0000-0000-0000-000000000019', 4, '2026-01-28T09:05:00Z'),
  ('f0000000-0000-0000-0000-000000000027', 'c1000002-0000-0000-0000-000000000020', 2, '2026-01-28T09:07:00Z'),
  ('f0000000-0000-0000-0000-000000000027', 'c1000002-0000-0000-0000-000000000021', 4, '2026-01-28T09:09:00Z'),
  ('f0000000-0000-0000-0000-000000000027', 'c1000002-0000-0000-0000-000000000022', 3, '2026-01-28T09:11:00Z'),
  ('f0000000-0000-0000-0000-000000000027', 'c1000002-0000-0000-0000-000000000023', 3, '2026-01-28T09:13:00Z'),
  ('f0000000-0000-0000-0000-000000000027', 'c1000002-0000-0000-0000-000000000024', 3, '2026-01-28T09:15:00Z'),
  ('f0000000-0000-0000-0000-000000000027', 'c1000002-0000-0000-0000-000000000025', 3, '2026-01-28T09:17:00Z'),
  ('f0000000-0000-0000-0000-000000000027', 'c1000002-0000-0000-0000-000000000026', 3, '2026-01-28T09:19:00Z'),
  ('f0000000-0000-0000-0000-000000000027', 'c1000002-0000-0000-0000-000000000027', 5, '2026-01-28T09:21:00Z'),
  ('f0000000-0000-0000-0000-000000000027', 'c1000002-0000-0000-0000-000000000028', 1, '2026-01-28T09:23:00Z'),
  ('f0000000-0000-0000-0000-000000000027', 'c1000002-0000-0000-0000-000000000029', 2, '2026-01-28T09:25:00Z'),
  ('f0000000-0000-0000-0000-000000000027', 'c1000002-0000-0000-0000-000000000030', 3, '2026-01-28T09:27:00Z'),
  ('f0000000-0000-0000-0000-000000000027', 'c1000002-0000-0000-0000-000000000031', 3, '2026-01-28T09:29:00Z'),
  ('f0000000-0000-0000-0000-000000000027', 'c1000002-0000-0000-0000-000000000032', 4, '2026-01-28T09:31:00Z'),
  ('f0000000-0000-0000-0000-000000000027', 'c1000002-0000-0000-0000-000000000033', 3, '2026-01-28T09:33:00Z'),
  ('f0000000-0000-0000-0000-000000000027', 'c1000002-0000-0000-0000-000000000034', 4, '2026-01-28T09:35:00Z'),
  ('f0000000-0000-0000-0000-000000000027', 'c1000002-0000-0000-0000-000000000035', 5, '2026-01-28T09:37:00Z'),
  ('f0000000-0000-0000-0000-000000000027', 'c1000002-0000-0000-0000-000000000036', 5, '2026-01-28T09:39:00Z'),
  ('f0000000-0000-0000-0000-000000000027', 'c1000002-0000-0000-0000-000000000037', 2, '2026-01-28T09:41:00Z'),
  ('f0000000-0000-0000-0000-000000000028', 'c1000002-0000-0000-0000-000000000001', 4, '2026-01-15T08:30:00Z'),
  ('f0000000-0000-0000-0000-000000000028', 'c1000002-0000-0000-0000-000000000002', 5, '2026-01-15T08:32:00Z'),
  ('f0000000-0000-0000-0000-000000000028', 'c1000002-0000-0000-0000-000000000003', 4, '2026-01-15T08:34:00Z'),
  ('f0000000-0000-0000-0000-000000000028', 'c1000002-0000-0000-0000-000000000004', 4, '2026-01-15T08:36:00Z'),
  ('f0000000-0000-0000-0000-000000000028', 'c1000002-0000-0000-0000-000000000005', 1, '2026-01-15T08:38:00Z'),
  ('f0000000-0000-0000-0000-000000000028', 'c1000002-0000-0000-0000-000000000006', 4, '2026-01-15T08:40:00Z'),
  ('f0000000-0000-0000-0000-000000000028', 'c1000002-0000-0000-0000-000000000007', 4, '2026-01-15T08:42:00Z'),
  ('f0000000-0000-0000-0000-000000000028', 'c1000002-0000-0000-0000-000000000008', 4, '2026-01-15T08:44:00Z'),
  ('f0000000-0000-0000-0000-000000000028', 'c1000002-0000-0000-0000-000000000009', 3, '2026-01-15T08:46:00Z'),
  ('f0000000-0000-0000-0000-000000000028', 'c1000002-0000-0000-0000-000000000010', 1, '2026-01-15T08:48:00Z'),
  ('f0000000-0000-0000-0000-000000000028', 'c1000002-0000-0000-0000-000000000011', 4, '2026-01-15T08:50:00Z'),
  ('f0000000-0000-0000-0000-000000000028', 'c1000002-0000-0000-0000-000000000012', 4, '2026-01-15T08:52:00Z'),
  ('f0000000-0000-0000-0000-000000000028', 'c1000002-0000-0000-0000-000000000013', 4, '2026-01-15T08:54:00Z'),
  ('f0000000-0000-0000-0000-000000000028', 'c1000002-0000-0000-0000-000000000014', 2, '2026-01-15T08:56:00Z'),
  ('f0000000-0000-0000-0000-000000000028', 'c1000002-0000-0000-0000-000000000015', 4, '2026-01-15T08:58:00Z'),
  ('f0000000-0000-0000-0000-000000000028', 'c1000002-0000-0000-0000-000000000016', 4, '2026-01-15T09:00:00Z'),
  ('f0000000-0000-0000-0000-000000000028', 'c1000002-0000-0000-0000-000000000017', 4, '2026-01-15T09:02:00Z'),
  ('f0000000-0000-0000-0000-000000000028', 'c1000002-0000-0000-0000-000000000018', 4, '2026-01-15T09:04:00Z'),
  ('f0000000-0000-0000-0000-000000000028', 'c1000002-0000-0000-0000-000000000019', 4, '2026-01-15T09:06:00Z'),
  ('f0000000-0000-0000-0000-000000000028', 'c1000002-0000-0000-0000-000000000020', 2, '2026-01-15T09:08:00Z'),
  ('f0000000-0000-0000-0000-000000000028', 'c1000002-0000-0000-0000-000000000021', 3, '2026-01-15T09:10:00Z'),
  ('f0000000-0000-0000-0000-000000000028', 'c1000002-0000-0000-0000-000000000022', 4, '2026-01-15T09:12:00Z'),
  ('f0000000-0000-0000-0000-000000000028', 'c1000002-0000-0000-0000-000000000023', 4, '2026-01-15T09:14:00Z'),
  ('f0000000-0000-0000-0000-000000000028', 'c1000002-0000-0000-0000-000000000024', 1, '2026-01-15T09:16:00Z'),
  ('f0000000-0000-0000-0000-000000000028', 'c1000002-0000-0000-0000-000000000025', 5, '2026-01-15T09:18:00Z'),
  ('f0000000-0000-0000-0000-000000000028', 'c1000002-0000-0000-0000-000000000026', 4, '2026-01-15T09:20:00Z'),
  ('f0000000-0000-0000-0000-000000000028', 'c1000002-0000-0000-0000-000000000027', 4, '2026-01-15T09:22:00Z'),
  ('f0000000-0000-0000-0000-000000000028', 'c1000002-0000-0000-0000-000000000028', 1, '2026-01-15T09:24:00Z'),
  ('f0000000-0000-0000-0000-000000000028', 'c1000002-0000-0000-0000-000000000029', 2, '2026-01-15T09:26:00Z'),
  ('f0000000-0000-0000-0000-000000000028', 'c1000002-0000-0000-0000-000000000030', 3, '2026-01-15T09:28:00Z'),
  ('f0000000-0000-0000-0000-000000000028', 'c1000002-0000-0000-0000-000000000031', 4, '2026-01-15T09:30:00Z'),
  ('f0000000-0000-0000-0000-000000000028', 'c1000002-0000-0000-0000-000000000032', 3, '2026-01-15T09:32:00Z'),
  ('f0000000-0000-0000-0000-000000000028', 'c1000002-0000-0000-0000-000000000033', 2, '2026-01-15T09:34:00Z'),
  ('f0000000-0000-0000-0000-000000000028', 'c1000002-0000-0000-0000-000000000034', 5, '2026-01-15T09:36:00Z'),
  ('f0000000-0000-0000-0000-000000000028', 'c1000002-0000-0000-0000-000000000035', 4, '2026-01-15T09:38:00Z'),
  ('f0000000-0000-0000-0000-000000000028', 'c1000002-0000-0000-0000-000000000036', 4, '2026-01-15T09:40:00Z'),
  ('f0000000-0000-0000-0000-000000000028', 'c1000002-0000-0000-0000-000000000037', 2, '2026-01-15T09:42:00Z'),
  ('f0000000-0000-0000-0000-000000000029', 'c1000002-0000-0000-0000-000000000001', 4, '2026-01-16T08:31:00Z'),
  ('f0000000-0000-0000-0000-000000000029', 'c1000002-0000-0000-0000-000000000002', 4, '2026-01-16T08:33:00Z'),
  ('f0000000-0000-0000-0000-000000000029', 'c1000002-0000-0000-0000-000000000003', 5, '2026-01-16T08:35:00Z'),
  ('f0000000-0000-0000-0000-000000000029', 'c1000002-0000-0000-0000-000000000004', 5, '2026-01-16T08:37:00Z'),
  ('f0000000-0000-0000-0000-000000000029', 'c1000002-0000-0000-0000-000000000005', 2, '2026-01-16T08:39:00Z'),
  ('f0000000-0000-0000-0000-000000000029', 'c1000002-0000-0000-0000-000000000006', 4, '2026-01-16T08:41:00Z'),
  ('f0000000-0000-0000-0000-000000000029', 'c1000002-0000-0000-0000-000000000007', 3, '2026-01-16T08:43:00Z'),
  ('f0000000-0000-0000-0000-000000000029', 'c1000002-0000-0000-0000-000000000008', 3, '2026-01-16T08:45:00Z'),
  ('f0000000-0000-0000-0000-000000000029', 'c1000002-0000-0000-0000-000000000009', 5, '2026-01-16T08:47:00Z'),
  ('f0000000-0000-0000-0000-000000000029', 'c1000002-0000-0000-0000-000000000010', 2, '2026-01-16T08:49:00Z'),
  ('f0000000-0000-0000-0000-000000000029', 'c1000002-0000-0000-0000-000000000011', 4, '2026-01-16T08:51:00Z'),
  ('f0000000-0000-0000-0000-000000000029', 'c1000002-0000-0000-0000-000000000012', 5, '2026-01-16T08:53:00Z'),
  ('f0000000-0000-0000-0000-000000000029', 'c1000002-0000-0000-0000-000000000013', 5, '2026-01-16T08:55:00Z'),
  ('f0000000-0000-0000-0000-000000000029', 'c1000002-0000-0000-0000-000000000014', 1, '2026-01-16T08:57:00Z'),
  ('f0000000-0000-0000-0000-000000000029', 'c1000002-0000-0000-0000-000000000015', 4, '2026-01-16T08:59:00Z'),
  ('f0000000-0000-0000-0000-000000000029', 'c1000002-0000-0000-0000-000000000016', 4, '2026-01-16T09:01:00Z'),
  ('f0000000-0000-0000-0000-000000000029', 'c1000002-0000-0000-0000-000000000017', 4, '2026-01-16T09:03:00Z'),
  ('f0000000-0000-0000-0000-000000000029', 'c1000002-0000-0000-0000-000000000018', 4, '2026-01-16T09:05:00Z'),
  ('f0000000-0000-0000-0000-000000000029', 'c1000002-0000-0000-0000-000000000019', 5, '2026-01-16T09:07:00Z'),
  ('f0000000-0000-0000-0000-000000000029', 'c1000002-0000-0000-0000-000000000020', 3, '2026-01-16T09:09:00Z'),
  ('f0000000-0000-0000-0000-000000000029', 'c1000002-0000-0000-0000-000000000021', 4, '2026-01-16T09:11:00Z'),
  ('f0000000-0000-0000-0000-000000000029', 'c1000002-0000-0000-0000-000000000022', 4, '2026-01-16T09:13:00Z'),
  ('f0000000-0000-0000-0000-000000000029', 'c1000002-0000-0000-0000-000000000023', 4, '2026-01-16T09:15:00Z'),
  ('f0000000-0000-0000-0000-000000000029', 'c1000002-0000-0000-0000-000000000024', 2, '2026-01-16T09:17:00Z'),
  ('f0000000-0000-0000-0000-000000000029', 'c1000002-0000-0000-0000-000000000025', 4, '2026-01-16T09:19:00Z'),
  ('f0000000-0000-0000-0000-000000000029', 'c1000002-0000-0000-0000-000000000026', 4, '2026-01-16T09:21:00Z'),
  ('f0000000-0000-0000-0000-000000000029', 'c1000002-0000-0000-0000-000000000027', 4, '2026-01-16T09:23:00Z'),
  ('f0000000-0000-0000-0000-000000000029', 'c1000002-0000-0000-0000-000000000028', 2, '2026-01-16T09:25:00Z'),
  ('f0000000-0000-0000-0000-000000000029', 'c1000002-0000-0000-0000-000000000029', 2, '2026-01-16T09:27:00Z'),
  ('f0000000-0000-0000-0000-000000000029', 'c1000002-0000-0000-0000-000000000030', 4, '2026-01-16T09:29:00Z'),
  ('f0000000-0000-0000-0000-000000000029', 'c1000002-0000-0000-0000-000000000031', 4, '2026-01-16T09:31:00Z'),
  ('f0000000-0000-0000-0000-000000000029', 'c1000002-0000-0000-0000-000000000032', 4, '2026-01-16T09:33:00Z'),
  ('f0000000-0000-0000-0000-000000000029', 'c1000002-0000-0000-0000-000000000033', 3, '2026-01-16T09:35:00Z'),
  ('f0000000-0000-0000-0000-000000000029', 'c1000002-0000-0000-0000-000000000034', 4, '2026-01-16T09:37:00Z'),
  ('f0000000-0000-0000-0000-000000000029', 'c1000002-0000-0000-0000-000000000035', 5, '2026-01-16T09:39:00Z'),
  ('f0000000-0000-0000-0000-000000000029', 'c1000002-0000-0000-0000-000000000036', 5, '2026-01-16T09:41:00Z'),
  ('f0000000-0000-0000-0000-000000000029', 'c1000002-0000-0000-0000-000000000037', 2, '2026-01-16T09:43:00Z'),
  ('f0000000-0000-0000-0000-000000000030', 'c1000002-0000-0000-0000-000000000001', 4, '2026-01-17T08:32:00Z'),
  ('f0000000-0000-0000-0000-000000000030', 'c1000002-0000-0000-0000-000000000002', 4, '2026-01-17T08:34:00Z'),
  ('f0000000-0000-0000-0000-000000000030', 'c1000002-0000-0000-0000-000000000003', 4, '2026-01-17T08:36:00Z'),
  ('f0000000-0000-0000-0000-000000000030', 'c1000002-0000-0000-0000-000000000004', 5, '2026-01-17T08:38:00Z'),
  ('f0000000-0000-0000-0000-000000000030', 'c1000002-0000-0000-0000-000000000005', 1, '2026-01-17T08:40:00Z'),
  ('f0000000-0000-0000-0000-000000000030', 'c1000002-0000-0000-0000-000000000006', 4, '2026-01-17T08:42:00Z'),
  ('f0000000-0000-0000-0000-000000000030', 'c1000002-0000-0000-0000-000000000007', 4, '2026-01-17T08:44:00Z'),
  ('f0000000-0000-0000-0000-000000000030', 'c1000002-0000-0000-0000-000000000008', 3, '2026-01-17T08:46:00Z'),
  ('f0000000-0000-0000-0000-000000000030', 'c1000002-0000-0000-0000-000000000009', 3, '2026-01-17T08:48:00Z'),
  ('f0000000-0000-0000-0000-000000000030', 'c1000002-0000-0000-0000-000000000010', 2, '2026-01-17T08:50:00Z'),
  ('f0000000-0000-0000-0000-000000000030', 'c1000002-0000-0000-0000-000000000011', 3, '2026-01-17T08:52:00Z'),
  ('f0000000-0000-0000-0000-000000000030', 'c1000002-0000-0000-0000-000000000012', 5, '2026-01-17T08:54:00Z'),
  ('f0000000-0000-0000-0000-000000000030', 'c1000002-0000-0000-0000-000000000013', 4, '2026-01-17T08:56:00Z'),
  ('f0000000-0000-0000-0000-000000000030', 'c1000002-0000-0000-0000-000000000014', 1, '2026-01-17T08:58:00Z'),
  ('f0000000-0000-0000-0000-000000000030', 'c1000002-0000-0000-0000-000000000015', 4, '2026-01-17T09:00:00Z'),
  ('f0000000-0000-0000-0000-000000000030', 'c1000002-0000-0000-0000-000000000016', 4, '2026-01-17T09:02:00Z'),
  ('f0000000-0000-0000-0000-000000000030', 'c1000002-0000-0000-0000-000000000017', 4, '2026-01-17T09:04:00Z'),
  ('f0000000-0000-0000-0000-000000000030', 'c1000002-0000-0000-0000-000000000018', 4, '2026-01-17T09:06:00Z'),
  ('f0000000-0000-0000-0000-000000000030', 'c1000002-0000-0000-0000-000000000019', 5, '2026-01-17T09:08:00Z'),
  ('f0000000-0000-0000-0000-000000000030', 'c1000002-0000-0000-0000-000000000020', 3, '2026-01-17T09:10:00Z'),
  ('f0000000-0000-0000-0000-000000000030', 'c1000002-0000-0000-0000-000000000021', 3, '2026-01-17T09:12:00Z'),
  ('f0000000-0000-0000-0000-000000000030', 'c1000002-0000-0000-0000-000000000022', 3, '2026-01-17T09:14:00Z'),
  ('f0000000-0000-0000-0000-000000000030', 'c1000002-0000-0000-0000-000000000023', 4, '2026-01-17T09:16:00Z'),
  ('f0000000-0000-0000-0000-000000000030', 'c1000002-0000-0000-0000-000000000024', 3, '2026-01-17T09:18:00Z'),
  ('f0000000-0000-0000-0000-000000000030', 'c1000002-0000-0000-0000-000000000025', 4, '2026-01-17T09:20:00Z'),
  ('f0000000-0000-0000-0000-000000000030', 'c1000002-0000-0000-0000-000000000026', 3, '2026-01-17T09:22:00Z'),
  ('f0000000-0000-0000-0000-000000000030', 'c1000002-0000-0000-0000-000000000027', 4, '2026-01-17T09:24:00Z'),
  ('f0000000-0000-0000-0000-000000000030', 'c1000002-0000-0000-0000-000000000028', 1, '2026-01-17T09:26:00Z'),
  ('f0000000-0000-0000-0000-000000000030', 'c1000002-0000-0000-0000-000000000029', 2, '2026-01-17T09:28:00Z'),
  ('f0000000-0000-0000-0000-000000000030', 'c1000002-0000-0000-0000-000000000030', 4, '2026-01-17T09:30:00Z'),
  ('f0000000-0000-0000-0000-000000000030', 'c1000002-0000-0000-0000-000000000031', 4, '2026-01-17T09:32:00Z'),
  ('f0000000-0000-0000-0000-000000000030', 'c1000002-0000-0000-0000-000000000032', 3, '2026-01-17T09:34:00Z'),
  ('f0000000-0000-0000-0000-000000000030', 'c1000002-0000-0000-0000-000000000033', 2, '2026-01-17T09:36:00Z'),
  ('f0000000-0000-0000-0000-000000000030', 'c1000002-0000-0000-0000-000000000034', 4, '2026-01-17T09:38:00Z'),
  ('f0000000-0000-0000-0000-000000000030', 'c1000002-0000-0000-0000-000000000035', 4, '2026-01-17T09:40:00Z'),
  ('f0000000-0000-0000-0000-000000000030', 'c1000002-0000-0000-0000-000000000036', 4, '2026-01-17T09:42:00Z'),
  ('f0000000-0000-0000-0000-000000000030', 'c1000002-0000-0000-0000-000000000037', 3, '2026-01-17T09:44:00Z'),
  ('f0000000-0000-0000-0000-000000000031', 'c1000002-0000-0000-0000-000000000001', 4, '2026-01-18T08:33:00Z'),
  ('f0000000-0000-0000-0000-000000000031', 'c1000002-0000-0000-0000-000000000002', 5, '2026-01-18T08:35:00Z'),
  ('f0000000-0000-0000-0000-000000000031', 'c1000002-0000-0000-0000-000000000003', 5, '2026-01-18T08:37:00Z'),
  ('f0000000-0000-0000-0000-000000000031', 'c1000002-0000-0000-0000-000000000004', 4, '2026-01-18T08:39:00Z'),
  ('f0000000-0000-0000-0000-000000000031', 'c1000002-0000-0000-0000-000000000005', 2, '2026-01-18T08:41:00Z'),
  ('f0000000-0000-0000-0000-000000000031', 'c1000002-0000-0000-0000-000000000006', 3, '2026-01-18T08:43:00Z'),
  ('f0000000-0000-0000-0000-000000000031', 'c1000002-0000-0000-0000-000000000007', 3, '2026-01-18T08:45:00Z'),
  ('f0000000-0000-0000-0000-000000000031', 'c1000002-0000-0000-0000-000000000008', 2, '2026-01-18T08:47:00Z'),
  ('f0000000-0000-0000-0000-000000000031', 'c1000002-0000-0000-0000-000000000009', 3, '2026-01-18T08:49:00Z'),
  ('f0000000-0000-0000-0000-000000000031', 'c1000002-0000-0000-0000-000000000010', 2, '2026-01-18T08:51:00Z'),
  ('f0000000-0000-0000-0000-000000000031', 'c1000002-0000-0000-0000-000000000011', 4, '2026-01-18T08:53:00Z'),
  ('f0000000-0000-0000-0000-000000000031', 'c1000002-0000-0000-0000-000000000012', 5, '2026-01-18T08:55:00Z'),
  ('f0000000-0000-0000-0000-000000000031', 'c1000002-0000-0000-0000-000000000013', 5, '2026-01-18T08:57:00Z'),
  ('f0000000-0000-0000-0000-000000000031', 'c1000002-0000-0000-0000-000000000014', 2, '2026-01-18T08:59:00Z'),
  ('f0000000-0000-0000-0000-000000000031', 'c1000002-0000-0000-0000-000000000015', 4, '2026-01-18T09:01:00Z'),
  ('f0000000-0000-0000-0000-000000000031', 'c1000002-0000-0000-0000-000000000016', 5, '2026-01-18T09:03:00Z'),
  ('f0000000-0000-0000-0000-000000000031', 'c1000002-0000-0000-0000-000000000017', 3, '2026-01-18T09:05:00Z'),
  ('f0000000-0000-0000-0000-000000000031', 'c1000002-0000-0000-0000-000000000018', 4, '2026-01-18T09:07:00Z'),
  ('f0000000-0000-0000-0000-000000000031', 'c1000002-0000-0000-0000-000000000019', 3, '2026-01-18T09:09:00Z'),
  ('f0000000-0000-0000-0000-000000000031', 'c1000002-0000-0000-0000-000000000020', 1, '2026-01-18T09:11:00Z'),
  ('f0000000-0000-0000-0000-000000000031', 'c1000002-0000-0000-0000-000000000021', 3, '2026-01-18T09:13:00Z'),
  ('f0000000-0000-0000-0000-000000000031', 'c1000002-0000-0000-0000-000000000022', 3, '2026-01-18T09:15:00Z'),
  ('f0000000-0000-0000-0000-000000000031', 'c1000002-0000-0000-0000-000000000023', 4, '2026-01-18T09:17:00Z'),
  ('f0000000-0000-0000-0000-000000000031', 'c1000002-0000-0000-0000-000000000024', 3, '2026-01-18T09:19:00Z'),
  ('f0000000-0000-0000-0000-000000000031', 'c1000002-0000-0000-0000-000000000025', 4, '2026-01-18T09:21:00Z'),
  ('f0000000-0000-0000-0000-000000000031', 'c1000002-0000-0000-0000-000000000026', 4, '2026-01-18T09:23:00Z'),
  ('f0000000-0000-0000-0000-000000000031', 'c1000002-0000-0000-0000-000000000027', 5, '2026-01-18T09:25:00Z'),
  ('f0000000-0000-0000-0000-000000000031', 'c1000002-0000-0000-0000-000000000028', 2, '2026-01-18T09:27:00Z'),
  ('f0000000-0000-0000-0000-000000000031', 'c1000002-0000-0000-0000-000000000029', 2, '2026-01-18T09:29:00Z'),
  ('f0000000-0000-0000-0000-000000000031', 'c1000002-0000-0000-0000-000000000030', 4, '2026-01-18T09:31:00Z'),
  ('f0000000-0000-0000-0000-000000000031', 'c1000002-0000-0000-0000-000000000031', 4, '2026-01-18T09:33:00Z'),
  ('f0000000-0000-0000-0000-000000000031', 'c1000002-0000-0000-0000-000000000032', 4, '2026-01-18T09:35:00Z'),
  ('f0000000-0000-0000-0000-000000000031', 'c1000002-0000-0000-0000-000000000033', 1, '2026-01-18T09:37:00Z'),
  ('f0000000-0000-0000-0000-000000000031', 'c1000002-0000-0000-0000-000000000034', 4, '2026-01-18T09:39:00Z'),
  ('f0000000-0000-0000-0000-000000000031', 'c1000002-0000-0000-0000-000000000035', 3, '2026-01-18T09:41:00Z'),
  ('f0000000-0000-0000-0000-000000000031', 'c1000002-0000-0000-0000-000000000036', 3, '2026-01-18T09:43:00Z'),
  ('f0000000-0000-0000-0000-000000000031', 'c1000002-0000-0000-0000-000000000037', 1, '2026-01-18T09:45:00Z'),
  ('f0000000-0000-0000-0000-000000000032', 'c1000002-0000-0000-0000-000000000001', 5, '2026-01-19T08:34:00Z'),
  ('f0000000-0000-0000-0000-000000000032', 'c1000002-0000-0000-0000-000000000002', 4, '2026-01-19T08:36:00Z'),
  ('f0000000-0000-0000-0000-000000000032', 'c1000002-0000-0000-0000-000000000003', 5, '2026-01-19T08:38:00Z'),
  ('f0000000-0000-0000-0000-000000000032', 'c1000002-0000-0000-0000-000000000004', 4, '2026-01-19T08:40:00Z'),
  ('f0000000-0000-0000-0000-000000000032', 'c1000002-0000-0000-0000-000000000005', 2, '2026-01-19T08:42:00Z'),
  ('f0000000-0000-0000-0000-000000000032', 'c1000002-0000-0000-0000-000000000006', 3, '2026-01-19T08:44:00Z'),
  ('f0000000-0000-0000-0000-000000000032', 'c1000002-0000-0000-0000-000000000007', 3, '2026-01-19T08:46:00Z'),
  ('f0000000-0000-0000-0000-000000000032', 'c1000002-0000-0000-0000-000000000008', 3, '2026-01-19T08:48:00Z'),
  ('f0000000-0000-0000-0000-000000000032', 'c1000002-0000-0000-0000-000000000009', 3, '2026-01-19T08:50:00Z'),
  ('f0000000-0000-0000-0000-000000000032', 'c1000002-0000-0000-0000-000000000010', 3, '2026-01-19T08:52:00Z'),
  ('f0000000-0000-0000-0000-000000000032', 'c1000002-0000-0000-0000-000000000011', 5, '2026-01-19T08:54:00Z'),
  ('f0000000-0000-0000-0000-000000000032', 'c1000002-0000-0000-0000-000000000012', 4, '2026-01-19T08:56:00Z'),
  ('f0000000-0000-0000-0000-000000000032', 'c1000002-0000-0000-0000-000000000013', 4, '2026-01-19T08:58:00Z'),
  ('f0000000-0000-0000-0000-000000000032', 'c1000002-0000-0000-0000-000000000014', 3, '2026-01-19T09:00:00Z'),
  ('f0000000-0000-0000-0000-000000000032', 'c1000002-0000-0000-0000-000000000015', 4, '2026-01-19T09:02:00Z'),
  ('f0000000-0000-0000-0000-000000000032', 'c1000002-0000-0000-0000-000000000016', 5, '2026-01-19T09:04:00Z'),
  ('f0000000-0000-0000-0000-000000000032', 'c1000002-0000-0000-0000-000000000017', 4, '2026-01-19T09:06:00Z'),
  ('f0000000-0000-0000-0000-000000000032', 'c1000002-0000-0000-0000-000000000018', 4, '2026-01-19T09:08:00Z'),
  ('f0000000-0000-0000-0000-000000000032', 'c1000002-0000-0000-0000-000000000019', 3, '2026-01-19T09:10:00Z'),
  ('f0000000-0000-0000-0000-000000000032', 'c1000002-0000-0000-0000-000000000020', 2, '2026-01-19T09:12:00Z'),
  ('f0000000-0000-0000-0000-000000000032', 'c1000002-0000-0000-0000-000000000021', 5, '2026-01-19T09:14:00Z'),
  ('f0000000-0000-0000-0000-000000000032', 'c1000002-0000-0000-0000-000000000022', 4, '2026-01-19T09:16:00Z'),
  ('f0000000-0000-0000-0000-000000000032', 'c1000002-0000-0000-0000-000000000023', 4, '2026-01-19T09:18:00Z'),
  ('f0000000-0000-0000-0000-000000000032', 'c1000002-0000-0000-0000-000000000024', 3, '2026-01-19T09:20:00Z'),
  ('f0000000-0000-0000-0000-000000000032', 'c1000002-0000-0000-0000-000000000025', 5, '2026-01-19T09:22:00Z'),
  ('f0000000-0000-0000-0000-000000000032', 'c1000002-0000-0000-0000-000000000026', 5, '2026-01-19T09:24:00Z'),
  ('f0000000-0000-0000-0000-000000000032', 'c1000002-0000-0000-0000-000000000027', 4, '2026-01-19T09:26:00Z'),
  ('f0000000-0000-0000-0000-000000000032', 'c1000002-0000-0000-0000-000000000028', 2, '2026-01-19T09:28:00Z'),
  ('f0000000-0000-0000-0000-000000000032', 'c1000002-0000-0000-0000-000000000029', 2, '2026-01-19T09:30:00Z'),
  ('f0000000-0000-0000-0000-000000000032', 'c1000002-0000-0000-0000-000000000030', 4, '2026-01-19T09:32:00Z'),
  ('f0000000-0000-0000-0000-000000000032', 'c1000002-0000-0000-0000-000000000031', 4, '2026-01-19T09:34:00Z'),
  ('f0000000-0000-0000-0000-000000000032', 'c1000002-0000-0000-0000-000000000032', 5, '2026-01-19T09:36:00Z'),
  ('f0000000-0000-0000-0000-000000000032', 'c1000002-0000-0000-0000-000000000033', 1, '2026-01-19T09:38:00Z'),
  ('f0000000-0000-0000-0000-000000000032', 'c1000002-0000-0000-0000-000000000034', 4, '2026-01-19T09:40:00Z'),
  ('f0000000-0000-0000-0000-000000000032', 'c1000002-0000-0000-0000-000000000035', 5, '2026-01-19T09:42:00Z'),
  ('f0000000-0000-0000-0000-000000000032', 'c1000002-0000-0000-0000-000000000036', 4, '2026-01-19T09:44:00Z'),
  ('f0000000-0000-0000-0000-000000000032', 'c1000002-0000-0000-0000-000000000037', 3, '2026-01-19T09:46:00Z');

-- ============================================================
-- Open responses (10 varied comments)
-- ============================================================
INSERT INTO open_responses (respondent_id, question_type, text) VALUES
  ('f0000000-0000-0000-0000-000000000001', 'strength', 'El liderazgo de mi supervisor es excelente. Siempre está disponible para apoyarme y me da retroalimentación constructiva.'),
  ('f0000000-0000-0000-0000-000000000003', 'improvement', 'Sería bueno tener más flexibilidad en los horarios. A veces la carga de trabajo no permite un buen equilibrio.'),
  ('f0000000-0000-0000-0000-000000000005', 'general', 'Me gusta trabajar aquí pero creo que la comunicación entre departamentos podría mejorar bastante.'),
  ('f0000000-0000-0000-0000-000000000011', 'strength', 'El ambiente de trabajo y la relación con mis compañeros es lo mejor de esta empresa.'),
  ('f0000000-0000-0000-0000-000000000013', 'improvement', 'Los procesos de promoción no son transparentes. No queda claro qué criterios se usan para ascensos.'),
  ('f0000000-0000-0000-0000-000000000016', 'general', 'Necesitamos mejores herramientas tecnológicas. Algunas de las que usamos están desactualizadas.'),
  ('f0000000-0000-0000-0000-000000000019', 'strength', 'Llevo muchos años aquí y sigo comprometido. La estabilidad y el buen trato son clave.'),
  ('f0000000-0000-0000-0000-000000000024', 'improvement', 'La carga de trabajo ha aumentado mucho y no se han contratado más personas. Esto genera estrés.'),
  ('f0000000-0000-0000-0000-000000000028', 'general', 'Estaría bien tener más oportunidades de capacitación y desarrollo profesional.'),
  ('f0000000-0000-0000-0000-000000000031', 'strength', 'Me siento orgullosa de ser parte de esta organización. Los valores se viven día a día.');

